configuration,technique,k,query_id,question,in_domain,expected_source_file,expected_answer,retrieval_latency_ms,llm_latency_ms,input_tokens,output_tokens,total_tokens,refusal_detected,answer,contexts,chunk_count,chunking_latency_ms,indexing_latency_ms,parameters
,,,,,,,,,,,,,,,"[{""rank"": 1, ""source_file"": ""corpus/hw03/ca_landlord_tenant_guide_2026.pdf"", ""page_number"": 41, ""score"": 0.7261851033836567, ""text"": ""35 \nsecurity deposit, unless the landlord uses the deposit for a lawful purpose, as described on pages \n75-78.\nAlmost all landlords charge tenants a security deposit. The security deposit may be called last\nmonth’s rent, security deposit, pet deposit, key fee, or cleaning fee. The security deposit can even \nbe a combination  of fees. No matter what these payments or fees are called, the law considers \nthem all, as well as any other deposit or charge, to be part of the security deposit.140\nThe law limits the total amount that the landlords and small landlords (as defined below) can \nrequire you to pay as a security deposit. As of July 1, 2024, landlords will be limited to an amount \nof no more than one month’s rent  that they can charge as a security deposit. 141 This new law \napplies to furnished and unfurnished residences. The law does not allow for exceptions for pet \ndeposits, key fees, or cleaning fees. For example, there is no allowance for an additional pet deposit \nfor tenants living with a service or emotional support animal. Regardless of the landlord’s \njustification or name for any other deposits or charges, the law considers them all""}]",,,,"{""chunk_size"": 256, ""chunk_overlap"": 40}"
,,,,,,,,,,,,,,,"[{""rank"": 1, ""source_file"": ""corpus/hw03/ca_landlord_tenant_guide_2026.pdf"", ""page_number"": 82, ""score"": 0.7284974871526823, ""text"": ""a landlord is required to take photographs of a rental unit within a reasonable time \nafter the tenant has returned possession of the unit to the landlord , but prior to any repairs or \ncleanings that the landlord plans to deduct from the tenant’s security deposit. The landlord also is \nrequired to take photographs of the unit within a reasonable time after those repairs or cleanings \nare completed.340  \nUnder California law, your landlord has 21 days from the date that you moved out to  provide \none of the following: \n• Send you a full refund of your security deposit.""}]",,,,"{""chunk_size"": 256, ""chunk_overlap"": 40}"
,,,,,,,,,,,,,,,"[{""rank"": 1, ""source_file"": ""corpus/hw04/hud_fair_housing_guide_2025.pdf"", ""page_number"": 20, ""score"": 0.7434085753090519, ""text"": ""use assistance animals in housing, including public and \ncommon use areas.  \n \nAssistance animals are not pets.  They are animals that do work, perform tasks, assist, and/or provide \ntherapeutic emotional support for individuals with disabilities.  There are two types of assistance animals: (1) \nservice animals; and (2) other animals that do work, perform tasks, provide assistance, and/or provide \ntherapeutic emotional support for individuals with disabilities (referred to in this chapter as a “support \nanimal”).  An animal that does not qualify as a service animal or support animal is a pet for purposes of the \nFair Housing Act and may be treated as a pet for purposes of the lease and the housing provider’s rules and \npolicies.  A housing provider may not exclude certain types, breed, sizes or ages of animals or charge a fee or \ndeposit for service animals or other assistance animals even if the housing providers does so for pets.   \n \nHUD issued guidance in FHEO Notice 2020-01 that provides housing providers with a set of best practices for \ncomplying with the Fair Housing Act when assessing requests for reasonable accommodations to keep \nanimals in housing, including the information that a housing provider""}]",,,,"{""chunk_size"": 256, ""chunk_overlap"": 40}"
,,,,,,,,,,,,,,,"[{""rank"": 1, ""source_file"": ""corpus/hw03/ca_landlord_tenant_guide_2026.pdf"", ""page_number"": 32, ""score"": 0.6884933161920738, ""text"": ""is a water \nsubmeter for the rental unit.105\nTRANSLATION OF PROPOSED RENTAL AGREEMENT \nAlthough most lease negotiations are conducted in English, English may not be the primary \nlanguage spoken by some landlords and tenants. Parties to a rental agreement may negotiate in \nanother language. If the parties specifically negotiate in Spanish, Chinese, Tagalog, Vietnamese or \nKorean, the landlord must give the tenant a written translation of the proposed written agreement \nin the language used in the negotiation before the tenant signs the agreement.106 \nThis rule applies \nwhether the negotiations are oral or in writing  and only applies if Spanish, Chinese, Tagalog, \nVietnamese or Korean is used . The rule does not apply if the parties negotiate in some other \nlanguage, such as Russian or if the rental agreement is for a period of one month or less. \nThe landlord must give the tenant the written translation of the rental agreement whether or \nnot it is requested by the tenant. The translation must include every term and condition in the \nrental agreement, but may retain elements in English such as names, addresses, numerals, dollar \namounts and dates. It is never acceptable for the landlord to give the written translation of the""}]",,,,"{""chunk_size"": 256, ""chunk_overlap"": 40}"
,,,,,,,,,,,,,,,"[{""rank"": 1, ""source_file"": ""corpus/hw04/hud_assistance_animal_notice.pdf"", ""page_number"": 9, ""score"": 0.23515825665020842, ""text"": ""14 75 Fed. Reg. at 56166, 56240. \n15 28 C.F.R § 35.136; 28 C.F.R. § 36.302(c).""}]",,,,"{""chunk_size"": 256, ""chunk_overlap"": 40}"
,,,,,,,,,,,,,,,"[{""rank"": 1, ""source_file"": ""corpus/hw04/hud_fair_housing_guide_2025.pdf"", ""page_number"": 41, ""score"": 0.1618714010813699, ""text"": ""a few examples, \ndiscriminatory statements of any kind cannot be tolerated, and PHAs have an obligation to ensure they do not \noccur or go unaddressed, if they do occur. \n \nOne way to promote ongoing awareness and competence is diversity and inclusion training for staff, providing \nthem with opportunities to challenge stereotypes and confront biases -- including implicit biases -- in a training \nenvironment.  Training on fair housing and civil rights laws more broadly is also important to promote \ncompliance since all PHA staff are obligated to comply with Federal fair housing and civil rights laws.  Staff \nand participants must be permitted to speak up if they observe harassing or other discriminatory conduct and \nbe assured that they will be protected from retaliation for doing so.   \n \nBeyond this, all policies, procedures, and practices must not discriminate because of any protected class.  \nPHA employees must ensure that they apply program rules, services, and procedures in a consistent \nnondiscriminatory manner.  PHAs must also consider the demographics of the people impacted – positively \nand negatively – by policies and practices to ensure that none have an unjustified discriminatory effect.   \n \nAny aggrieved person may file a fair housing claim against the""}]",,,,"{""chunk_size"": 256, ""chunk_overlap"": 40}"
,,,,,,,,,,,,,,,"[{""rank"": 1, ""source_file"": ""corpus/hw03/ca_landlord_tenant_guide_2026.pdf"", ""page_number"": 41, ""score"": 0.7261851033836567, ""text"": ""35 \nsecurity deposit, unless the landlord uses the deposit for a lawful purpose, as described on pages \n75-78.\nAlmost all landlords charge tenants a security deposit. The security deposit may be called last\nmonth’s rent, security deposit, pet deposit, key fee, or cleaning fee. The security deposit can even \nbe a combination  of fees. No matter what these payments or fees are called, the law considers \nthem all, as well as any other deposit or charge, to be part of the security deposit.140\nThe law limits the total amount that the landlords and small landlords (as defined below) can \nrequire you to pay as a security deposit. As of July 1, 2024, landlords will be limited to an amount \nof no more than one month’s rent  that they can charge as a security deposit. 141 This new law \napplies to furnished and unfurnished residences. The law does not allow for exceptions for pet \ndeposits, key fees, or cleaning fees. For example, there is no allowance for an additional pet deposit \nfor tenants living with a service or emotional support animal. Regardless of the landlord’s \njustification or name for any other deposits or charges, the law considers them all""}, {""rank"": 2, ""source_file"": ""corpus/hw03/ca_landlord_tenant_guide_2026.pdf"", ""page_number"": 41, ""score"": 0.7063467415228485, ""text"": ""allowance for an additional pet deposit \nfor tenants living with a service or emotional support animal. Regardless of the landlord’s \njustification or name for any other deposits or charges, the law considers them all to be part of the \nsecurity deposit and limited to an amount equal to one month’s rent.142\nOnly small landlords can charge more for a security deposit. Small landlords can charge up to \ntwo month’s rent for a security deposit.143 They are defined as individual people or limited liability \ncompanies owned by people that own and rent one or two properties containing no more than 4 \nrental units. \nTenants should not believe that their security deposit somehow constitutes pre- payment for \ntheir last month’s rent – even if their landlord has used this term with respect to the security \ndeposit. The landlord will almost always be able to insist a tenant pay rent for their last month or \npartial portion thereof. \nEXCEPTION: Application screening fee  The law permits a landlord to collect from  a tenant an \napplication screening fee, in addition to the security deposit (see pages 1 7-18).144 \nThe application \nscreening fee is intended to cover the cost of obtaining information about you, such as checking \nyour personal references and""}, {""rank"": 3, ""source_file"": ""corpus/hw03/ca_landlord_tenant_guide_2026.pdf"", ""page_number"": 42, ""score"": 0.7006436502683454, ""text"": ""small landlords ( as defined on page 35) can only charge a service member up to \none month’s rent for a security deposit unlike the greater security deposit amount that are allowed \nto charge anyone else, i.e. up to two months’ rent.  Small landlords also cannot refuse to rent to a""}]",,,,"{""chunk_size"": 256, ""chunk_overlap"": 40}"
,,,,,,,,,,,,,,,"[{""rank"": 1, ""source_file"": ""corpus/hw03/ca_landlord_tenant_guide_2026.pdf"", ""page_number"": 82, ""score"": 0.7284974871526823, ""text"": ""a landlord is required to take photographs of a rental unit within a reasonable time \nafter the tenant has returned possession of the unit to the landlord , but prior to any repairs or \ncleanings that the landlord plans to deduct from the tenant’s security deposit. The landlord also is \nrequired to take photographs of the unit within a reasonable time after those repairs or cleanings \nare completed.340  \nUnder California law, your landlord has 21 days from the date that you moved out to  provide \none of the following: \n• Send you a full refund of your security deposit.""}, {""rank"": 2, ""source_file"": ""corpus/hw03/ca_landlord_tenant_guide_2026.pdf"", ""page_number"": 86, ""score"": 0.718336189817673, ""text"": ""80 \n• The parties have not agreed on a date and time, and the tenant withdraws the request for the\ninspection, in which case the inspection will not be conducted; or\n• The landlord and tenant agree in writing to waive (give up) the 48 -hour notice\nrequirement.\nItemized statement \nThe landlord or the landlord’s agent may perform the inspection if the tenant is not \npresent, unless the tenant previously withdrew their request for an inspection.356\nBased on the findings in the inspection, the landlord or agent must prepare an itemized \nstatement of repairs or cleaning that the landlord or agent believes the tenant should perform in order \nto avoid deductions from the tenant’s security deposit. The landlord or agent must give the statement \nto the tenant if the tenant is present for the inspection or leave it inside the unit if the tenant is not \npresent.357 \nThe landlord or agent also must give the tenant a copy of the sections of California’s \nsecurity deposit statute that list lawful uses of tenants’ security deposits.358 \nThe security deposit statute has the effect of limiting the kinds of repairs or cleaning that the \nlandlord or agent may properly include in the itemized statement. Because of this statute, the \nlandlord""}, {""rank"": 3, ""source_file"": ""corpus/hw03/ca_landlord_tenant_guide_2026.pdf"", ""page_number"": 88, ""score"": 0.6918846499031545, ""text"": ""also gives you a copy \nof the required sections of the security deposit statute. The itemized statement lists the following: \n• Repair cigarette burns on windowsill.\n• Repair worn carpet in front of couch.\n• Repair door jam chewed by your dog.\n• Wash the windows.\n• Clean soap scum in bathtub.\nSuppose that you scrub the bathtub until it sparkles, but do not undertake any of the repairs or \nwash the windows. After you move out, the landlord performs the final inspection. Twenty-one days \nafter the tenancy ends, the landlord sends you an itemized statement of deductions, along with a \nrefund of the rest of your security deposit. Suppose that the itemized statement lists deductions from \nyour security deposit for the costs of repairing the windowsill, the carpet and the door jamb, and for \nwashing the windows. Has the landlord acted properly? \nWhether the landlord has acted properly depends on other facts. Suppose that the cigarette burns \nwere caused by a previous tenant and that the carpet in the room with the couch was 10 years old. \nAccording to the security deposit statute, the cigarette burns are defective conditions from another \ntenancy, and the worn carpet is normal wear and tear, even if some of""}]",,,,"{""chunk_size"": 256, ""chunk_overlap"": 40}"
,,,,,,,,,,,,,,,"[{""rank"": 1, ""source_file"": ""corpus/hw04/hud_fair_housing_guide_2025.pdf"", ""page_number"": 20, ""score"": 0.7434085753090519, ""text"": ""use assistance animals in housing, including public and \ncommon use areas.  \n \nAssistance animals are not pets.  They are animals that do work, perform tasks, assist, and/or provide \ntherapeutic emotional support for individuals with disabilities.  There are two types of assistance animals: (1) \nservice animals; and (2) other animals that do work, perform tasks, provide assistance, and/or provide \ntherapeutic emotional support for individuals with disabilities (referred to in this chapter as a “support \nanimal”).  An animal that does not qualify as a service animal or support animal is a pet for purposes of the \nFair Housing Act and may be treated as a pet for purposes of the lease and the housing provider’s rules and \npolicies.  A housing provider may not exclude certain types, breed, sizes or ages of animals or charge a fee or \ndeposit for service animals or other assistance animals even if the housing providers does so for pets.   \n \nHUD issued guidance in FHEO Notice 2020-01 that provides housing providers with a set of best practices for \ncomplying with the Fair Housing Act when assessing requests for reasonable accommodations to keep \nanimals in housing, including the information that a housing provider""}, {""rank"": 2, ""source_file"": ""corpus/hw04/hud_assistance_animal_notice.pdf"", ""page_number"": 4, ""score"": 0.7376784634582886, ""text"": ""mere speculation or fear about the types of harm or damage an animal may \ncause and not on evidence about harm or damage that other animals have caused. Conditions and \nrestrictions that housing providers apply to pets may not be applied to assistance animals. For \nexample, while housing providers may require applicants or residents to pay a pet dep osit, they \nmay not require applicants and residents to pay a deposit for an assistance animal. 6 \nA housing provider may not deny a reasonable accommodation request because he or she is \nuncertain whether or not the person seeking the accommodation has a disability or a disability-\nrelated need for an assistance animal. Housing providers may ask individuals who have \ndisabilities that are not readily apparent or known to the provider to submit reliable documentation \nof a disability and their disability-related need for an assistance animal. If the disability is readily \napparent or known but the disability-related need for the assistance animal is not, the housing \nprovider may ask the individual to provide documentation of the disability-related need for an""}, {""rank"": 3, ""source_file"": ""corpus/hw03/ca_fair_housing_rights_booklet.pdf"", ""page_number"": 7, ""score"": 0.7270016414537759, ""text"": ""6. Assistance Animals\n12 13\nYou Have The Right To Your Assistance Animal\nHousing providers must allow you to keep or acquire an assistance animal if \nnecessary as a reasonable accommodation for physical or mental disabilities \nwithout charging a pet deposit or extra rent. Housing providers can’t have \nassistance animal breed or size restrictions, but do not have to approve \na request if the animal poses a direct health or safety threat or will cause \nsubstantial property damage. Remember, assistance animals are not pets. \nHousing providers can request information confirming your need for an \nassistance animal, but they don’t have a right to any additional information, \nsuch as your medical diagnosis. Beware of online certificates for “emotional \nsupport animals” — these will not be enough to show that you need an animal \nto help with your disability. \n7. Disability\nYou Have The Right To Access Housing Regardless Of Disability\nYou have the right to an interactive process with your housing provider to \nidentify reasonable accommodations that change the building policy, rule, \nor practice to allow you to use and enjoy your home. Common reasonable \naccommodations include: \n• Parking as close to your unit as possible\n• Assistance animals\n• Caregivers,""}]",,,,"{""chunk_size"": 256, ""chunk_overlap"": 40}"
,,,,,,,,,,,,,,,"[{""rank"": 1, ""source_file"": ""corpus/hw03/ca_landlord_tenant_guide_2026.pdf"", ""page_number"": 32, ""score"": 0.6884933161920738, ""text"": ""is a water \nsubmeter for the rental unit.105\nTRANSLATION OF PROPOSED RENTAL AGREEMENT \nAlthough most lease negotiations are conducted in English, English may not be the primary \nlanguage spoken by some landlords and tenants. Parties to a rental agreement may negotiate in \nanother language. If the parties specifically negotiate in Spanish, Chinese, Tagalog, Vietnamese or \nKorean, the landlord must give the tenant a written translation of the proposed written agreement \nin the language used in the negotiation before the tenant signs the agreement.106 \nThis rule applies \nwhether the negotiations are oral or in writing  and only applies if Spanish, Chinese, Tagalog, \nVietnamese or Korean is used . The rule does not apply if the parties negotiate in some other \nlanguage, such as Russian or if the rental agreement is for a period of one month or less. \nThe landlord must give the tenant the written translation of the rental agreement whether or \nnot it is requested by the tenant. The translation must include every term and condition in the \nrental agreement, but may retain elements in English such as names, addresses, numerals, dollar \namounts and dates. It is never acceptable for the landlord to give the written translation of the""}, {""rank"": 2, ""source_file"": ""corpus/hw03/ca_landlord_tenant_guide_2026.pdf"", ""page_number"": 33, ""score"": 0.659609694141358, ""text"": ""27 \nlandlord must provide the tenant with the written translation of the rental agreement prior to the \nexecution, or signing, of the rental agreement. \nHowever, the landlord is not required to give the tenant a written translation of the lease or \nrental agreement if all of the following are true: \n• The Spanish-, Chinese-, Tagalog-, Vietnamese-, or Korean-speaking tenant negotiated the\nrental agreement through his or her own interpreter;\n• The tenant’s interpreter is able to speak fluently and read with full understanding English,\nas well as Spanish, Chinese, Tagalog, Vietnamese, or Korean  (whichever language is used\nin the negotiation);\n• The interpreter is not a minor (under 18 years of age); and\n• The interpreter is not employed or made available by or through the landlord.\nIf a landlord who is required to provide a written translation of a lease or rental agreement in \none of these languages fails to do so, the tenant can rescind (cancel) the agreement.107\nWHEN YOU HAVE DECIDED TO RENT \nBefore signing a rental agreement or a lease, the parties should read it carefully so that each \nparty understands all of its terms. What kind of terms should be included in the rental""}, {""rank"": 3, ""source_file"": ""corpus/hw03/ca_landlord_tenant_guide_2026.pdf"", ""page_number"": 144, ""score"": 0.6159134342443225, ""text"": ""Vietnamese, and Korean. A tenant \nwho has made a payment to a utility pursuant to Public Utilities Code §§ 777, 777.1, 10009, 10009.1, 12822, 12822.1, or \n16481 may deduct the payment from the rent. \n109 Civ. Code § 1962. Moskovitz et al, California Landlord-Tenant Practice, § 1.31 (Cont.Ed.Bar 2021); California Practice \nGuide, Landlord-Tenant, §§ 2:147-147.7 (Rutter Group 2021). \n110 Civ. Code § 1947.3. \n111 Civ. Code §1954.603; Gov. Code § 8589.45. \n112 Civ. Code § 1962(b). \n113 Civ. Code § 2079.10a; Penal (“Pen.”) Code § 290.46. The required language differs depending on the date of the lease or \nrental agreement. See Appendix 5. \n114 Civ. Code § 1947.5. \n115 Civ. Code § 1940.4. \n116 Civ. Code § 1962(a)(4).""}]",,,,"{""chunk_size"": 256, ""chunk_overlap"": 40}"
,,,,,,,,,,,,,,,"[{""rank"": 1, ""source_file"": ""corpus/hw04/hud_assistance_animal_notice.pdf"", ""page_number"": 9, ""score"": 0.23515825665020842, ""text"": ""14 75 Fed. Reg. at 56166, 56240. \n15 28 C.F.R § 35.136; 28 C.F.R. § 36.302(c).""}, {""rank"": 2, ""source_file"": ""corpus/hw04/hud_assistance_animal_notice.pdf"", ""page_number"": 6, ""score"": 0.17347688104984624, ""text"": ""7 Ibid. \n8 28 C.F.R. § 35.104; 28 C.F.R. § 36.104. \n9 28 C.F.R. § 35.136(i); 28 C.F.R. § 36.302(c)(9).""}, {""rank"": 3, ""source_file"": ""corpus/hw03/ca_landlord_tenant_guide_2026.pdf"", ""page_number"": 150, ""score"": 0.1354992969904035, ""text"": ""(g)(2). \n363 Ibid.  \n364 Civ. Code § 1950.5(e), (f)(5) and (f)(6). \n365 Civ. Code § 1950.5(b) and (e). \n366 Civ. Code § 1950.5(h). \n367 Civ. Code § 1950.5(h). \n368 Civ. Code § 1950.5(b) and (e). \n369 Civ. Code § 1950.5(b),(e) and (f)(4). \n370 Civ. Code § 1950.5(b)(3). \n371 Civ. Code § 1950.5(e). \n372 Civ. Code § 1950.5(f)(6). \n373 Civ. Code § 1950.5(e). \n374 Civ. Code § 1950.5(b)(3).""}]",,,,"{""chunk_size"": 256, ""chunk_overlap"": 40}"
,,,,,,,,,,,,,,,"[{""rank"": 1, ""source_file"": ""corpus/hw04/hud_fair_housing_guide_2025.pdf"", ""page_number"": 41, ""score"": 0.1618714010813699, ""text"": ""a few examples, \ndiscriminatory statements of any kind cannot be tolerated, and PHAs have an obligation to ensure they do not \noccur or go unaddressed, if they do occur. \n \nOne way to promote ongoing awareness and competence is diversity and inclusion training for staff, providing \nthem with opportunities to challenge stereotypes and confront biases -- including implicit biases -- in a training \nenvironment.  Training on fair housing and civil rights laws more broadly is also important to promote \ncompliance since all PHA staff are obligated to comply with Federal fair housing and civil rights laws.  Staff \nand participants must be permitted to speak up if they observe harassing or other discriminatory conduct and \nbe assured that they will be protected from retaliation for doing so.   \n \nBeyond this, all policies, procedures, and practices must not discriminate because of any protected class.  \nPHA employees must ensure that they apply program rules, services, and procedures in a consistent \nnondiscriminatory manner.  PHAs must also consider the demographics of the people impacted – positively \nand negatively – by policies and practices to ensure that none have an unjustified discriminatory effect.   \n \nAny aggrieved person may file a fair housing claim against the""}, {""rank"": 2, ""source_file"": ""corpus/hw03/hud_fair_housing_booklet.pdf"", ""page_number"": 23, ""score"": 0.1136868087556965, ""text"": ""Notes""}, {""rank"": 3, ""source_file"": ""corpus/hw04/hud_assistance_animal_notice.pdf"", ""page_number"": 6, ""score"": 0.08392213382566192, ""text"": ""provision of emotional support, well-being, comfort, or companionship do not constitute work or \ntasks for the purposes of this definition.”8 Thus, trained dogs are the only species of animal that \nmay qualify as service animals under the ADA (there is a separate provision regarding trained \nminiature horses9), and emotional support animals are expressly precluded from qualifying as \nservice animals under the ADA. \nThe ADA definition of “service animal” applies to state and local government programs, services \nactivities, and facilities and to public accommodations, such as leasing offices, social service \ncenter establishments, universities, and other places of education.  Because the ADA requirements \nrelating to service animals are different from the requirements relating to assistance animals under \nthe FHAct and Section 504, an individual’s use of a service animal in an ADA-covered facility \nmust not be handled as a request for a reasonable accommodation under the FHAct or Section \n                                                      \n7 Ibid. \n8 28""}]",,,,"{""chunk_size"": 256, ""chunk_overlap"": 40}"
,,,,,,,,,,,,,,,"[{""rank"": 1, ""source_file"": ""corpus/hw03/ca_landlord_tenant_guide_2026.pdf"", ""page_number"": 41, ""score"": 0.7261851033836567, ""text"": ""35 \nsecurity deposit, unless the landlord uses the deposit for a lawful purpose, as described on pages \n75-78.\nAlmost all landlords charge tenants a security deposit. The security deposit may be called last\nmonth’s rent, security deposit, pet deposit, key fee, or cleaning fee. The security deposit can even \nbe a combination  of fees. No matter what these payments or fees are called, the law considers \nthem all, as well as any other deposit or charge, to be part of the security deposit.140\nThe law limits the total amount that the landlords and small landlords (as defined below) can \nrequire you to pay as a security deposit. As of July 1, 2024, landlords will be limited to an amount \nof no more than one month’s rent  that they can charge as a security deposit. 141 This new law \napplies to furnished and unfurnished residences. The law does not allow for exceptions for pet \ndeposits, key fees, or cleaning fees. For example, there is no allowance for an additional pet deposit \nfor tenants living with a service or emotional support animal. Regardless of the landlord’s \njustification or name for any other deposits or charges, the law considers them all""}, {""rank"": 2, ""source_file"": ""corpus/hw03/ca_landlord_tenant_guide_2026.pdf"", ""page_number"": 41, ""score"": 0.7063467415228485, ""text"": ""allowance for an additional pet deposit \nfor tenants living with a service or emotional support animal. Regardless of the landlord’s \njustification or name for any other deposits or charges, the law considers them all to be part of the \nsecurity deposit and limited to an amount equal to one month’s rent.142\nOnly small landlords can charge more for a security deposit. Small landlords can charge up to \ntwo month’s rent for a security deposit.143 They are defined as individual people or limited liability \ncompanies owned by people that own and rent one or two properties containing no more than 4 \nrental units. \nTenants should not believe that their security deposit somehow constitutes pre- payment for \ntheir last month’s rent – even if their landlord has used this term with respect to the security \ndeposit. The landlord will almost always be able to insist a tenant pay rent for their last month or \npartial portion thereof. \nEXCEPTION: Application screening fee  The law permits a landlord to collect from  a tenant an \napplication screening fee, in addition to the security deposit (see pages 1 7-18).144 \nThe application \nscreening fee is intended to cover the cost of obtaining information about you, such as checking \nyour personal references and""}, {""rank"": 3, ""source_file"": ""corpus/hw03/ca_landlord_tenant_guide_2026.pdf"", ""page_number"": 42, ""score"": 0.7006436502683454, ""text"": ""small landlords ( as defined on page 35) can only charge a service member up to \none month’s rent for a security deposit unlike the greater security deposit amount that are allowed \nto charge anyone else, i.e. up to two months’ rent.  Small landlords also cannot refuse to rent to a""}, {""rank"": 4, ""source_file"": ""corpus/hw03/ca_landlord_tenant_guide_2026.pdf"", ""page_number"": 41, ""score"": 0.679880135758269, ""text"": "", in\naddition to the $ 1,000 security deposit. This is because the first month’s rent and the\napplication screening fee are not part of the security deposit.\n• Suppose the landlord requires you to pay $1,000 security deposit (the maximum allowed\nby law for an unfurnished unit when the rent is $1,000). The landlord cannot then add\nto this $1,000 deposit additional deposit fees such as another $200 cleaning fee, $25 key\ndeposit, $50 mailbox deposit fee, or other similar fees. The $1,000 plus the added fees\nwould be prohibited by state law.""}, {""rank"": 5, ""source_file"": ""corpus/hw03/ca_landlord_tenant_guide_2026.pdf"", ""page_number"": 42, ""score"": 0.6670833819516718, ""text"": ""through a property management website) if the tenant \npaid for their security deposit or made rental payments by a digital payment method , unless the \ntenant and landlord agree in writing to an alternative method.150  \nService Members \nOn or after April 1, 2025, if a landlord charges a service member a higher security deposit due \nto the service member’s credit history, credit score, housing history, or other factor related to the \nservice member’s tenancy, the landlord is required to provide the service member  a written \nstatement on or before the date the lease is signed which explains the reason(s) why a higher \nsecurity deposit is being charged as well as the amount of the security deposit.  The additional \namount of the security deposit r eceived must be returned to the service member if after six \nmonths of being a tenant the service member’s rent is current.  The lease must also include the \ndate that the additional amount of the security deposit will be returned if the above condition is \nmet.151  \nAdditionally, small landlords ( as defined on page 35) can only charge a service member up to \none month’s rent for a security deposit unlike the greater security deposit amount that are allowed \nto charge anyone""}]",,,,"{""chunk_size"": 256, ""chunk_overlap"": 40}"
,,,,,,,,,,,,,,,"[{""rank"": 1, ""source_file"": ""corpus/hw03/ca_landlord_tenant_guide_2026.pdf"", ""page_number"": 82, ""score"": 0.7284974871526823, ""text"": ""a landlord is required to take photographs of a rental unit within a reasonable time \nafter the tenant has returned possession of the unit to the landlord , but prior to any repairs or \ncleanings that the landlord plans to deduct from the tenant’s security deposit. The landlord also is \nrequired to take photographs of the unit within a reasonable time after those repairs or cleanings \nare completed.340  \nUnder California law, your landlord has 21 days from the date that you moved out to  provide \none of the following: \n• Send you a full refund of your security deposit.""}, {""rank"": 2, ""source_file"": ""corpus/hw03/ca_landlord_tenant_guide_2026.pdf"", ""page_number"": 86, ""score"": 0.718336189817673, ""text"": ""80 \n• The parties have not agreed on a date and time, and the tenant withdraws the request for the\ninspection, in which case the inspection will not be conducted; or\n• The landlord and tenant agree in writing to waive (give up) the 48 -hour notice\nrequirement.\nItemized statement \nThe landlord or the landlord’s agent may perform the inspection if the tenant is not \npresent, unless the tenant previously withdrew their request for an inspection.356\nBased on the findings in the inspection, the landlord or agent must prepare an itemized \nstatement of repairs or cleaning that the landlord or agent believes the tenant should perform in order \nto avoid deductions from the tenant’s security deposit. The landlord or agent must give the statement \nto the tenant if the tenant is present for the inspection or leave it inside the unit if the tenant is not \npresent.357 \nThe landlord or agent also must give the tenant a copy of the sections of California’s \nsecurity deposit statute that list lawful uses of tenants’ security deposits.358 \nThe security deposit statute has the effect of limiting the kinds of repairs or cleaning that the \nlandlord or agent may properly include in the itemized statement. Because of this statute, the \nlandlord""}, {""rank"": 3, ""source_file"": ""corpus/hw03/ca_landlord_tenant_guide_2026.pdf"", ""page_number"": 88, ""score"": 0.6918846499031545, ""text"": ""also gives you a copy \nof the required sections of the security deposit statute. The itemized statement lists the following: \n• Repair cigarette burns on windowsill.\n• Repair worn carpet in front of couch.\n• Repair door jam chewed by your dog.\n• Wash the windows.\n• Clean soap scum in bathtub.\nSuppose that you scrub the bathtub until it sparkles, but do not undertake any of the repairs or \nwash the windows. After you move out, the landlord performs the final inspection. Twenty-one days \nafter the tenancy ends, the landlord sends you an itemized statement of deductions, along with a \nrefund of the rest of your security deposit. Suppose that the itemized statement lists deductions from \nyour security deposit for the costs of repairing the windowsill, the carpet and the door jamb, and for \nwashing the windows. Has the landlord acted properly? \nWhether the landlord has acted properly depends on other facts. Suppose that the cigarette burns \nwere caused by a previous tenant and that the carpet in the room with the couch was 10 years old. \nAccording to the security deposit statute, the cigarette burns are defective conditions from another \ntenancy, and the worn carpet is normal wear and tear, even if some of""}, {""rank"": 4, ""source_file"": ""corpus/hw03/ca_landlord_tenant_guide_2026.pdf"", ""page_number"": 87, ""score"": 0.6906804974204782, ""text"": ""81  \n \n \n• That was not identified during the initial inspection due to the presence of the \ntenant’s possessions. 364 \nAny deduction must be reasonable in amount and must be for a purpose permitted by the \nsecurity deposit statute. 365 \nTwenty-one calendar days (or less) after the tenancy ends, the \nlandlord must refund any portion of the security deposit that remains after the landlord has \nmade any lawful deductions (see pages 34-37, 75-88).366 Beginning January 1, 2026, if a tenant \npaid their security deposit and any rent payment by a digital payment method (including, but \nnot limited to, electronic bank transfer, such as through Zelle, or payments through online \nproperty management portals) , the landlord must return the security deposit by a digital \npayment method, unless the tenant and landlord agree in writing to an alternative method. 367""}, {""rank"": 5, ""source_file"": ""corpus/hw03/ca_landlord_tenant_guide_2026.pdf"", ""page_number"": 82, ""score"": 0.687857140940799, ""text"": ""76 \nmonth’s rent, as security deposit.335 \nREFUND OF SECURITY DEPOSITS \nCommon problems and how to avoid them \nOne of the most common disagreements between landlords and tenants is over the refund of \nthe tenant’s security deposit after the tenant has moved out of the rental unit. California law, \ntherefore, specifies procedures that the landlord must follow for refunding, using, and accounting \nfor tenants’ security deposits. \nCalifornia law specifically allows the landlord to use a tenant’s security deposit for four  \npurposes: \n• For unpaid rent;\n• For cleaning the rental unit when the tenant moves out, but only to make the unit as clean\nas it was when the tenant first moved in, exclusive of normal wear and tear; 336\n• For repair of damages, other than normal wear and tear, caused by the tenant or the\ntenant’s guests; and\n• If the rental agreement allows it, for the cost of restoring or replacing furniture, furnishings,\nor other items of personal property (including keys), other than because of normal wear\nand tear. 337 \nA landlord cannot refuse to return your entire security deposit simply because you lived in the \nunit. A landlord can withhold from the security deposit only those""}]",,,,"{""chunk_size"": 256, ""chunk_overlap"": 40}"
,,,,,,,,,,,,,,,"[{""rank"": 1, ""source_file"": ""corpus/hw04/hud_fair_housing_guide_2025.pdf"", ""page_number"": 20, ""score"": 0.7434085753090519, ""text"": ""use assistance animals in housing, including public and \ncommon use areas.  \n \nAssistance animals are not pets.  They are animals that do work, perform tasks, assist, and/or provide \ntherapeutic emotional support for individuals with disabilities.  There are two types of assistance animals: (1) \nservice animals; and (2) other animals that do work, perform tasks, provide assistance, and/or provide \ntherapeutic emotional support for individuals with disabilities (referred to in this chapter as a “support \nanimal”).  An animal that does not qualify as a service animal or support animal is a pet for purposes of the \nFair Housing Act and may be treated as a pet for purposes of the lease and the housing provider’s rules and \npolicies.  A housing provider may not exclude certain types, breed, sizes or ages of animals or charge a fee or \ndeposit for service animals or other assistance animals even if the housing providers does so for pets.   \n \nHUD issued guidance in FHEO Notice 2020-01 that provides housing providers with a set of best practices for \ncomplying with the Fair Housing Act when assessing requests for reasonable accommodations to keep \nanimals in housing, including the information that a housing provider""}, {""rank"": 2, ""source_file"": ""corpus/hw04/hud_assistance_animal_notice.pdf"", ""page_number"": 4, ""score"": 0.7376784634582886, ""text"": ""mere speculation or fear about the types of harm or damage an animal may \ncause and not on evidence about harm or damage that other animals have caused. Conditions and \nrestrictions that housing providers apply to pets may not be applied to assistance animals. For \nexample, while housing providers may require applicants or residents to pay a pet dep osit, they \nmay not require applicants and residents to pay a deposit for an assistance animal. 6 \nA housing provider may not deny a reasonable accommodation request because he or she is \nuncertain whether or not the person seeking the accommodation has a disability or a disability-\nrelated need for an assistance animal. Housing providers may ask individuals who have \ndisabilities that are not readily apparent or known to the provider to submit reliable documentation \nof a disability and their disability-related need for an assistance animal. If the disability is readily \napparent or known but the disability-related need for the assistance animal is not, the housing \nprovider may ask the individual to provide documentation of the disability-related need for an""}, {""rank"": 3, ""source_file"": ""corpus/hw03/ca_fair_housing_rights_booklet.pdf"", ""page_number"": 7, ""score"": 0.7270016414537759, ""text"": ""6. Assistance Animals\n12 13\nYou Have The Right To Your Assistance Animal\nHousing providers must allow you to keep or acquire an assistance animal if \nnecessary as a reasonable accommodation for physical or mental disabilities \nwithout charging a pet deposit or extra rent. Housing providers can’t have \nassistance animal breed or size restrictions, but do not have to approve \na request if the animal poses a direct health or safety threat or will cause \nsubstantial property damage. Remember, assistance animals are not pets. \nHousing providers can request information confirming your need for an \nassistance animal, but they don’t have a right to any additional information, \nsuch as your medical diagnosis. Beware of online certificates for “emotional \nsupport animals” — these will not be enough to show that you need an animal \nto help with your disability. \n7. Disability\nYou Have The Right To Access Housing Regardless Of Disability\nYou have the right to an interactive process with your housing provider to \nidentify reasonable accommodations that change the building policy, rule, \nor practice to allow you to use and enjoy your home. Common reasonable \naccommodations include: \n• Parking as close to your unit as possible\n• Assistance animals\n• Caregivers,""}, {""rank"": 4, ""source_file"": ""corpus/hw03/ca_landlord_tenant_guide_2026.pdf"", ""page_number"": 36, ""score"": 0.7246841444184361, ""text"": ""policy or practice - \nwhich the property owner cannot charge for, even if they involve some costs. As a condition of \nmaking certain modifications, the landlord may require the tenant to enter into an agreement to \nrestore the interior of the rental unit to its previous condition at the end of the tenancy. Yet, most \nmodifications will not require restoration. The landlord cannot require an additional security \ndeposit in this situation. However, the landlord can require that some form of financial guarantee \nbe put in place that is sufficient to pay for the properly required restoration. This can take the \nform of requiring that the tenant pay into an interest-bearing escrow account, over a reasonable \nperiod, a reasonable amount of money not to exceed the c ost of the restorations, where the \ninterest in any such account shall accrue to the benefit of the tenant.118 \nAssistance animals and service animals, used by persons with disabilities as a reasonable \naccommodation for a disability, are not pets and are not subject to a no pets policy. A refusal to \nmake reasonable accommodations in rules, policies, practices, or se rvices when these \naccommodations may be necessary to afford a person with disabilities equal opportunity to use \nand enjoy a dwelling,""}, {""rank"": 5, ""source_file"": ""corpus/hw04/hud_assistance_animal_notice.pdf"", ""page_number"": 4, ""score"": 0.7183010276359203, ""text"": ""Page 4 of 10 \n \n(1) Does the person seeking to use and live with the animal have a disability — i.e., \na physical or mental impairment that substantially limits one or more major life \nactivities? \n(2) Does the person making the request have a disability-related need for an assistance \nanimal? In other words, does the animal work, provide assistance, perform tasks or \nservices for the benefit of a person with a disability, or provide emotional support that \nalleviates one or more of the identified symptoms or effects of a person’s existing \ndisability? \nIf the answer to question (1) or (2) is “no,” then the FHAct and Section 504 do not require a \nmodification to a provider’s “no pets” policy, and the reasonable accommodation request may be \ndenied. \nWhere the answers to questions (1) and (2) are “yes,” the FHAct and Section 504 require the \nhousing provider to modify or provide an exception to a “no pets” rule or policy to permit a \nperson with a disability to live with and use an assistance animal(s) in all areas of the premises \nwhere persons are normally allowed to go, unless doing so would""}]",,,,"{""chunk_size"": 256, ""chunk_overlap"": 40}"
,,,,,,,,,,,,,,,"[{""rank"": 1, ""source_file"": ""corpus/hw03/ca_landlord_tenant_guide_2026.pdf"", ""page_number"": 32, ""score"": 0.6884933161920738, ""text"": ""is a water \nsubmeter for the rental unit.105\nTRANSLATION OF PROPOSED RENTAL AGREEMENT \nAlthough most lease negotiations are conducted in English, English may not be the primary \nlanguage spoken by some landlords and tenants. Parties to a rental agreement may negotiate in \nanother language. If the parties specifically negotiate in Spanish, Chinese, Tagalog, Vietnamese or \nKorean, the landlord must give the tenant a written translation of the proposed written agreement \nin the language used in the negotiation before the tenant signs the agreement.106 \nThis rule applies \nwhether the negotiations are oral or in writing  and only applies if Spanish, Chinese, Tagalog, \nVietnamese or Korean is used . The rule does not apply if the parties negotiate in some other \nlanguage, such as Russian or if the rental agreement is for a period of one month or less. \nThe landlord must give the tenant the written translation of the rental agreement whether or \nnot it is requested by the tenant. The translation must include every term and condition in the \nrental agreement, but may retain elements in English such as names, addresses, numerals, dollar \namounts and dates. It is never acceptable for the landlord to give the written translation of the""}, {""rank"": 2, ""source_file"": ""corpus/hw03/ca_landlord_tenant_guide_2026.pdf"", ""page_number"": 33, ""score"": 0.659609694141358, ""text"": ""27 \nlandlord must provide the tenant with the written translation of the rental agreement prior to the \nexecution, or signing, of the rental agreement. \nHowever, the landlord is not required to give the tenant a written translation of the lease or \nrental agreement if all of the following are true: \n• The Spanish-, Chinese-, Tagalog-, Vietnamese-, or Korean-speaking tenant negotiated the\nrental agreement through his or her own interpreter;\n• The tenant’s interpreter is able to speak fluently and read with full understanding English,\nas well as Spanish, Chinese, Tagalog, Vietnamese, or Korean  (whichever language is used\nin the negotiation);\n• The interpreter is not a minor (under 18 years of age); and\n• The interpreter is not employed or made available by or through the landlord.\nIf a landlord who is required to provide a written translation of a lease or rental agreement in \none of these languages fails to do so, the tenant can rescind (cancel) the agreement.107\nWHEN YOU HAVE DECIDED TO RENT \nBefore signing a rental agreement or a lease, the parties should read it carefully so that each \nparty understands all of its terms. What kind of terms should be included in the rental""}, {""rank"": 3, ""source_file"": ""corpus/hw03/ca_landlord_tenant_guide_2026.pdf"", ""page_number"": 144, ""score"": 0.6159134342443225, ""text"": ""Vietnamese, and Korean. A tenant \nwho has made a payment to a utility pursuant to Public Utilities Code §§ 777, 777.1, 10009, 10009.1, 12822, 12822.1, or \n16481 may deduct the payment from the rent. \n109 Civ. Code § 1962. Moskovitz et al, California Landlord-Tenant Practice, § 1.31 (Cont.Ed.Bar 2021); California Practice \nGuide, Landlord-Tenant, §§ 2:147-147.7 (Rutter Group 2021). \n110 Civ. Code § 1947.3. \n111 Civ. Code §1954.603; Gov. Code § 8589.45. \n112 Civ. Code § 1962(b). \n113 Civ. Code § 2079.10a; Penal (“Pen.”) Code § 290.46. The required language differs depending on the date of the lease or \nrental agreement. See Appendix 5. \n114 Civ. Code § 1947.5. \n115 Civ. Code § 1940.4. \n116 Civ. Code § 1962(a)(4).""}, {""rank"": 4, ""source_file"": ""corpus/hw03/ca_fair_housing_rights_booklet.pdf"", ""page_number"": 6, ""score"": 0.6119424131295891, ""text"": ""4. Roommates\n10 11\nIf You Have Room, You Have The Right To Roommates\nOccupancy standards — limiting the number of people who can live together — \ncan be discriminatory if they are unreasonable based on the size and layout of \nthe apartment or prevent families from renting.\nWhat constitutes a reasonable limitation depends on a variety of \nconsiderations, including local building codes, square footage, sewage system \nlimitations, and ages of the occupants, for example.\n5. Language\nYou Have The Right To Use Your Preferred Language\nPrivate housing providers don’t have to provide you with a translator, but they \nmust speak with a translator if you provide one, and allow staff who speak your \nlanguage to converse with you in that language.\nLeases that you negotiate in a language other than English must be translated \ninto that language.\nAdvertising for housing only in a language other than English indicates a \npreference for certain national origins or ethnicities over others, and is not \npermitted.""}, {""rank"": 5, ""source_file"": ""corpus/hw03/ca_landlord_tenant_guide_2026.pdf"", ""page_number"": 32, ""score"": 0.5936141027919947, ""text"": ""agreement, but may retain elements in English such as names, addresses, numerals, dollar \namounts and dates. It is never acceptable for the landlord to give the written translation of the \nrental agreement to the tenant after the tenant has signed the rental agreement . Rather, the""}]",,,,"{""chunk_size"": 256, ""chunk_overlap"": 40}"
,,,,,,,,,,,,,,,"[{""rank"": 1, ""source_file"": ""corpus/hw04/hud_assistance_animal_notice.pdf"", ""page_number"": 9, ""score"": 0.23515825665020842, ""text"": ""14 75 Fed. Reg. at 56166, 56240. \n15 28 C.F.R § 35.136; 28 C.F.R. § 36.302(c).""}, {""rank"": 2, ""source_file"": ""corpus/hw04/hud_assistance_animal_notice.pdf"", ""page_number"": 6, ""score"": 0.17347688104984624, ""text"": ""7 Ibid. \n8 28 C.F.R. § 35.104; 28 C.F.R. § 36.104. \n9 28 C.F.R. § 35.136(i); 28 C.F.R. § 36.302(c)(9).""}, {""rank"": 3, ""source_file"": ""corpus/hw03/ca_landlord_tenant_guide_2026.pdf"", ""page_number"": 150, ""score"": 0.1354992969904035, ""text"": ""(g)(2). \n363 Ibid.  \n364 Civ. Code § 1950.5(e), (f)(5) and (f)(6). \n365 Civ. Code § 1950.5(b) and (e). \n366 Civ. Code § 1950.5(h). \n367 Civ. Code § 1950.5(h). \n368 Civ. Code § 1950.5(b) and (e). \n369 Civ. Code § 1950.5(b),(e) and (f)(4). \n370 Civ. Code § 1950.5(b)(3). \n371 Civ. Code § 1950.5(e). \n372 Civ. Code § 1950.5(f)(6). \n373 Civ. Code § 1950.5(e). \n374 Civ. Code § 1950.5(b)(3).""}, {""rank"": 4, ""source_file"": ""corpus/hw04/hud_fair_housing_guide_2025.pdf"", ""page_number"": 5, ""score"": 0.10984600717356724, ""text"": ""– 19; See also, 24 CFR Parts 100, 103, 180. \n6 See 42 U.S.C. §§ 3603(b); 3607; 24 CFR 100.10.""}, {""rank"": 5, ""source_file"": ""corpus/hw03/ca_landlord_tenant_guide_2026.pdf"", ""page_number"": 156, ""score"": 0.09918003355666712, ""text"": ""CALIFORNIA DEPARTMENT OF REAL ESTATE \n651 BANNON STREET STE 500 , SACRAMENTO, CA 95815 \nlandlordtenant.dre.ca.gov\nRE 26 - California Tenants \n2026 Edition\nDRE RE26""}]",,,,"{""chunk_size"": 256, ""chunk_overlap"": 40}"
,,,,,,,,,,,,,,,"[{""rank"": 1, ""source_file"": ""corpus/hw04/hud_fair_housing_guide_2025.pdf"", ""page_number"": 41, ""score"": 0.1618714010813699, ""text"": ""a few examples, \ndiscriminatory statements of any kind cannot be tolerated, and PHAs have an obligation to ensure they do not \noccur or go unaddressed, if they do occur. \n \nOne way to promote ongoing awareness and competence is diversity and inclusion training for staff, providing \nthem with opportunities to challenge stereotypes and confront biases -- including implicit biases -- in a training \nenvironment.  Training on fair housing and civil rights laws more broadly is also important to promote \ncompliance since all PHA staff are obligated to comply with Federal fair housing and civil rights laws.  Staff \nand participants must be permitted to speak up if they observe harassing or other discriminatory conduct and \nbe assured that they will be protected from retaliation for doing so.   \n \nBeyond this, all policies, procedures, and practices must not discriminate because of any protected class.  \nPHA employees must ensure that they apply program rules, services, and procedures in a consistent \nnondiscriminatory manner.  PHAs must also consider the demographics of the people impacted – positively \nand negatively – by policies and practices to ensure that none have an unjustified discriminatory effect.   \n \nAny aggrieved person may file a fair housing claim against the""}, {""rank"": 2, ""source_file"": ""corpus/hw03/hud_fair_housing_booklet.pdf"", ""page_number"": 23, ""score"": 0.1136868087556965, ""text"": ""Notes""}, {""rank"": 3, ""source_file"": ""corpus/hw04/hud_assistance_animal_notice.pdf"", ""page_number"": 6, ""score"": 0.08392213382566192, ""text"": ""provision of emotional support, well-being, comfort, or companionship do not constitute work or \ntasks for the purposes of this definition.”8 Thus, trained dogs are the only species of animal that \nmay qualify as service animals under the ADA (there is a separate provision regarding trained \nminiature horses9), and emotional support animals are expressly precluded from qualifying as \nservice animals under the ADA. \nThe ADA definition of “service animal” applies to state and local government programs, services \nactivities, and facilities and to public accommodations, such as leasing offices, social service \ncenter establishments, universities, and other places of education.  Because the ADA requirements \nrelating to service animals are different from the requirements relating to assistance animals under \nthe FHAct and Section 504, an individual’s use of a service animal in an ADA-covered facility \nmust not be handled as a request for a reasonable accommodation under the FHAct or Section \n                                                      \n7 Ibid. \n8 28""}, {""rank"": 4, ""source_file"": ""corpus/hw04/hud_fair_housing_guide_2025.pdf"", ""page_number"": 37, ""score"": 0.0753177334025412, ""text"": ""Fair Housing and Nondiscrimination Requirements       37 \nUS Department of Housing and Urban Development      April 2025 \n5 Affirmative Marketing and Applicant and Participant \nScreening  \n5.1 Affirmative Fair Housing Marketing \nHUD regulations require PHAs to engage in affirmative fair housing marketing.132  Affirmative fair housing \nmarketing activities aim to ensure that individuals and families who are income-qualified for the HCV program \n“have a like range of housing choices available to them regardless of their race, color, religion, sex, [disability], \nfamilial status or national origin.”133  PHAs “shall pursue affirmative fair housing marketing policies in \nsoliciting … tenants, in determining their eligibility, and in concluding … rental transactions.”134 \n \nComplying with these requirements means ensuring that eligible applicants of all races and other protected \nclass groups have the knowledge and opportunity to apply for and gain admission to the HCV program.  \nMarketing efforts that reach the entire housing market area, rather than only some neighborhoods within it, \nhelp ensure that potential applicants are not being excluded because of their race or other protected class in \nviolation of fair housing and civil rights""}, {""rank"": 5, ""source_file"": ""corpus/hw03/ca_landlord_tenant_guide_2026.pdf"", ""page_number"": 31, ""score"": 0.07222895477414533, ""text"": ""t here for 270 consecutive days or more. If you have been \ndisplaced by a disaster and you stay t here for more than 30 days but less than 270 consecutive \ndays, the lodging is not required to extend your reservation but must give you 72 hours notice \nbefore requiring you to leave, subject to certain conditions.98 \nSHARED UTILITIES \nSome buildings have a single gas or electric meter that serves more than one rental unit. In \nother buildings, a tenant’s gas or electric meter may also measure gas or electricity used in a \ncommon area, such as the laundry room or the lobby. In situations like these, the landlord must \ndisclose that utility meters are shared before you sign the rental agreement or lease, or as soon as \nthe landlord discovers the shared metering.99Beginning January 1, 2026, for any month-to-month""}]",,,,"{""chunk_size"": 256, ""chunk_overlap"": 40}"
,,,,,,,,,,,,,,,"[{""rank"": 1, ""source_file"": ""corpus/hw03/ca_landlord_tenant_guide_2026.pdf"", ""page_number"": 41, ""score"": 0.7237980215512273, ""text"": ""35 \nsecurity deposit, unless the landlord uses the deposit for a lawful purpose, as described on pages \n75-78.\nAlmost all landlords charge tenants a security deposit. The security deposit may be called last\nmonth’s rent, security deposit, pet deposit, key fee, or cleaning fee. The security deposit can even \nbe a combination  of fees. No matter what these payments or fees are called, the law considers \nthem all, as well as any other deposit or charge, to be part of the security deposit.140\nThe law limits the total amount that the landlords and small landlords (as defined below) can \nrequire you to pay as a security deposit. As of July 1, 2024, landlords will be limited to an amount \nof no more than one month’s rent  that they can charge as a security deposit. 141 This new law \napplies to furnished and unfurnished residences. The law does not allow for exceptions for pet \ndeposits, key fees, or cleaning fees. For example, there is no allowance for an additional pet deposit \nfor tenants living with a service or emotional support animal. Regardless of the landlord’s \njustification or name for any other deposits or charges, the law considers them all to be part of the \nsecurity deposit and limited to an amount equal to one month’s rent.142\nOnly small landlords can charge more for a security deposit. Small landlords can charge up to \ntwo month’s rent for a security deposit.143 They are defined as individual people or limited liability \ncompanies owned by people that own and rent one or two properties containing no more than 4 \nrental units. \nTenants should not believe that their security deposit somehow constitutes pre- payment for \ntheir last month’s rent – even if their landlord has used this term with respect to the security \ndeposit.""}]",,,,"{""buffer_size"": 1, ""breakpoint_percentile_threshold"": 95}"
,,,,,,,,,,,,,,,"[{""rank"": 1, ""source_file"": ""corpus/hw03/ca_landlord_tenant_guide_2026.pdf"", ""page_number"": 82, ""score"": 0.7383747148990517, ""text"": ""As of 2025, a landlord is required to take photographs of a rental unit within a reasonable time \nafter the tenant has returned possession of the unit to the landlord , but prior to any repairs or \ncleanings that the landlord plans to deduct from the tenant’s security deposit. The landlord also is \nrequired to take photographs of the unit within a reasonable time after those repairs or cleanings \nare completed.340  \nUnder California law, your landlord has 21 days from the date that you moved out to  provide \none of the following: \n• Send you a full refund of your security deposit.""}]",,,,"{""buffer_size"": 1, ""breakpoint_percentile_threshold"": 95}"
,,,,,,,,,,,,,,,"[{""rank"": 1, ""source_file"": ""corpus/hw04/hud_assistance_animal_notice.pdf"", ""page_number"": 4, ""score"": 0.7571258619212022, ""text"": ""Breed, size, and weight limitations may not be applied to an \nassistance animal. A determination that an assistance animal poses a direct threat of harm to \nothers or would cause substantial physical d amage to the property of others must be based on an \nindividualized assessment that relies on objective evidence about the specific animal ’s actual \nconduct — not on mere speculation or fear about the types of harm or damage an animal may \ncause and not on evidence about harm or damage that other animals have caused. Conditions and \nrestrictions that housing providers apply to pets may not be applied to assistance animals. For \nexample, while housing providers may require applicants or residents to pay a pet dep osit, they \nmay not require applicants and residents to pay a deposit for an assistance animal. 6 \nA housing provider may not deny a reasonable accommodation request because he or she is \nuncertain whether or not the person seeking the accommodation has a disability or a disability-\nrelated need for an assistance animal. Housing providers may ask individuals who have \ndisabilities that are not readily apparent or known to the provider to submit reliable documentation \nof a disability and their disability-related need for an assistance animal. If the disability is readily \napparent or known but the disability-related need for the assistance animal is not, the housing \nprovider may ask the individual to provide documentation of the disability-related need for an \n                                                      \n6 A housing provider may require a tenant to cover the costs of repairs for damage the animal causes to the tenant’s \ndwelling unit or the common areas, reasonable wear and tear excepted, if it is the provider’s practice to assess tenants \nfor any damage they cause to the premises. For more information on reasonable accommodations, see the Joint \nStatement of the Department of Housing and Urban Development and the Department of Justice, Reasonable \nAccommodations Under the Fair Housing Act, http://www.hud.gov/offices/fheo/library/huddojstatement.pdf.""}]",,,,"{""buffer_size"": 1, ""breakpoint_percentile_threshold"": 95}"
,,,,,,,,,,,,,,,"[{""rank"": 1, ""source_file"": ""corpus/hw03/ca_landlord_tenant_guide_2026.pdf"", ""page_number"": 32, ""score"": 0.6636068600561595, ""text"": ""If the parties specifically negotiate in Spanish, Chinese, Tagalog, Vietnamese or \nKorean, the landlord must give the tenant a written translation of the proposed written agreement \nin the language used in the negotiation before the tenant signs the agreement.106 \nThis rule applies \nwhether the negotiations are oral or in writing  and only applies if Spanish, Chinese, Tagalog, \nVietnamese or Korean is used . The rule does not apply if the parties negotiate in some other \nlanguage, such as Russian or if the rental agreement is for a period of one month or less. \nThe landlord must give the tenant the written translation of the rental agreement whether or \nnot it is requested by the tenant. The translation must include every term and condition in the \nrental agreement, but may retain elements in English such as names, addresses, numerals, dollar \namounts and dates. It is never acceptable for the landlord to give the written translation of the \nrental agreement to the tenant after the tenant has signed the rental agreement . Rather, the""}]",,,,"{""buffer_size"": 1, ""breakpoint_percentile_threshold"": 95}"
,,,,,,,,,,,,,,,"[{""rank"": 1, ""source_file"": ""corpus/hw04/hud_assistance_animal_notice.pdf"", ""page_number"": 9, ""score"": 0.25470432421370437, ""text"": ""at 56194, 56268. \n14 75 Fed. Reg. at 56166, 56240. \n15 28 C.F.R § 35.136; 28 C.F.R. § 36.302(c).""}]",,,,"{""buffer_size"": 1, ""breakpoint_percentile_threshold"": 95}"
,,,,,,,,,,,,,,,"[{""rank"": 1, ""source_file"": ""corpus/hw04/hud_fair_housing_guide_2025.pdf"", ""page_number"": 41, ""score"": 0.15111630077428706, ""text"": ""Though these are just a few examples, \ndiscriminatory statements of any kind cannot be tolerated, and PHAs have an obligation to ensure they do not \noccur or go unaddressed, if they do occur. \n \nOne way to promote ongoing awareness and competence is diversity and inclusion training for staff, providing \nthem with opportunities to challenge stereotypes and confront biases -- including implicit biases -- in a training \nenvironment.  Training on fair housing and civil rights laws more broadly is also important to promote \ncompliance since all PHA staff are obligated to comply with Federal fair housing and civil rights laws.  Staff \nand participants must be permitted to speak up if they observe harassing or other discriminatory conduct and \nbe assured that they will be protected from retaliation for doing so.   \n \nBeyond this, all policies, procedures, and practices must not discriminate because of any protected class.  \nPHA employees must ensure that they apply program rules, services, and procedures in a consistent \nnondiscriminatory manner.  PHAs must also consider the demographics of the people impacted – positively \nand negatively – by policies and practices to ensure that none have an unjustified discriminatory effect.   \n \nAny aggrieved person may file a fair housing claim against the PHA. PHAs must ensure that all applicants and \ntenants are aware that filing a complaint with HUD is their right, that they will not be subject to retaliation for \ndoing so, and how they may obtain more information about filing a complaint, including how to access HUD’s \ncomplaint filing site linked below.153   \n7.2 Filing Procedures for Discrimination Complaints \nA person who believes that they have been or are about to be injured by a discriminatory housing practice may \nfile a complaint with HUD’s Office of Fair Housing and Equal Opportunity (FHEO).  HUD accepts complaints \nalleging discrimination in violation of the Fair Housing Act, Title VI, Section 504, the ADA, the Age \nDiscrimination Act, VAWA, and other Federal civil rights laws.   \n \nHUD accepts complaints alleging discrimination using form HUD-903.1, “Housing Discrimination Claim Form,” \nwhich is easy to complete and may be submitted at a HUD field office, through electronic submission online, \nby U.S. mail, or over the telephone.  The complaint form can be accessed here: \nhttps://www.hud.gov/program_offices/fair_housing_equal_opp/online-complaint. \n \n \n153 24 CFR 1.7(b); 8.56(c); 103 Subpart B.""}]",,,,"{""buffer_size"": 1, ""breakpoint_percentile_threshold"": 95}"
,,,,,,,,,,,,,,,"[{""rank"": 1, ""source_file"": ""corpus/hw03/ca_landlord_tenant_guide_2026.pdf"", ""page_number"": 41, ""score"": 0.7237980215512273, ""text"": ""35 \nsecurity deposit, unless the landlord uses the deposit for a lawful purpose, as described on pages \n75-78.\nAlmost all landlords charge tenants a security deposit. The security deposit may be called last\nmonth’s rent, security deposit, pet deposit, key fee, or cleaning fee. The security deposit can even \nbe a combination  of fees. No matter what these payments or fees are called, the law considers \nthem all, as well as any other deposit or charge, to be part of the security deposit.140\nThe law limits the total amount that the landlords and small landlords (as defined below) can \nrequire you to pay as a security deposit. As of July 1, 2024, landlords will be limited to an amount \nof no more than one month’s rent  that they can charge as a security deposit. 141 This new law \napplies to furnished and unfurnished residences. The law does not allow for exceptions for pet \ndeposits, key fees, or cleaning fees. For example, there is no allowance for an additional pet deposit \nfor tenants living with a service or emotional support animal. Regardless of the landlord’s \njustification or name for any other deposits or charges, the law considers them all to be part of the \nsecurity deposit and limited to an amount equal to one month’s rent.142\nOnly small landlords can charge more for a security deposit. Small landlords can charge up to \ntwo month’s rent for a security deposit.143 They are defined as individual people or limited liability \ncompanies owned by people that own and rent one or two properties containing no more than 4 \nrental units. \nTenants should not believe that their security deposit somehow constitutes pre- payment for \ntheir last month’s rent – even if their landlord has used this term with respect to the security \ndeposit.""}, {""rank"": 2, ""source_file"": ""corpus/hw03/ca_landlord_tenant_guide_2026.pdf"", ""page_number"": 142, ""score"": 0.6629399915982647, ""text"": ""Code § 1950.6. The maximum fee is adjusted each year based on changes in the Consumer Price Index since January \n1, 1998. As of December 2023, the maximum allowable fee is $62,02.  \n55 Civ. Code § 1950.6(c).  \n56 Civ. Code § 1950.6. \n57 California Apartment Association (https://caanet.org/kb/max-screening-fee/). \n58 Civ. Code § 1950.6(c)(1).  \n59 Civ. Code § 1950.6(f).  \n60 See Civ. Code § 1950.6(d); Civ. Code § 1950.6(e).  \n61 California Practice Guide, Landlord-Tenant, § 2:553.3 (Rutter Group 2021). \n62 Gov. Code § 12921(b). \n63 Cal. Code Regs. § 12060. \n64 Gov. Code §§ 12926(p), 12927(e) and 12955(a) and (d). Fair Employment and Housing Act, Gov. Code § 12900 and \nfollowing; and federal Fair Housing Act, 42 U.S.C. § 3601 and following.""}, {""rank"": 3, ""source_file"": ""corpus/hw03/ca_landlord_tenant_guide_2026.pdf"", ""page_number"": 82, ""score"": 0.6434692192000122, ""text"": ""76 \nmonth’s rent, as security deposit.335 \nREFUND OF SECURITY DEPOSITS \nCommon problems and how to avoid them \nOne of the most common disagreements between landlords and tenants is over the refund of \nthe tenant’s security deposit after the tenant has moved out of the rental unit. California law, \ntherefore, specifies procedures that the landlord must follow for refunding, using, and accounting \nfor tenants’ security deposits. \nCalifornia law specifically allows the landlord to use a tenant’s security deposit for four  \npurposes: \n• For unpaid rent;\n• For cleaning the rental unit when the tenant moves out, but only to make the unit as clean\nas it was when the tenant first moved in, exclusive of normal wear and tear; 336\n• For repair of damages, other than normal wear and tear, caused by the tenant or the\ntenant’s guests; and\n• If the rental agreement allows it, for the cost of restoring or replacing furniture, furnishings,\nor other items of personal property (including keys), other than because of normal wear\nand tear. 337 \nA landlord cannot refuse to return your entire security deposit simply because you lived in the \nunit. A landlord can withhold from the security deposit only those amounts that are reasonably \nnecessary for the purposes outlined above, i.e., for the cost of materials or supplies and for work \nperformed to restore the unit back the condition it was in at the beginning of the tenancy exclusive \nof ordinary wear and tear. The security deposit cannot be used for repairing defects that existed \nin the unit before you moved in, for conditions caused by normal wear and tear during your  \ntenancy or previous tenancies, or for cleaning a rental unit that is as clean as it was when you \nmoved in.338 \nA rental agreement can never state that a security deposit is “nonrefundable.”339 \nA landlord also cannot withhold a tenant’s partial or full security deposit based solely on the \ntenant being a victim of domestic violence and/or terminating their lease early as described \npreviously.""}]",,,,"{""buffer_size"": 1, ""breakpoint_percentile_threshold"": 95}"
,,,,,,,,,,,,,,,"[{""rank"": 1, ""source_file"": ""corpus/hw03/ca_landlord_tenant_guide_2026.pdf"", ""page_number"": 82, ""score"": 0.7383747148990517, ""text"": ""As of 2025, a landlord is required to take photographs of a rental unit within a reasonable time \nafter the tenant has returned possession of the unit to the landlord , but prior to any repairs or \ncleanings that the landlord plans to deduct from the tenant’s security deposit. The landlord also is \nrequired to take photographs of the unit within a reasonable time after those repairs or cleanings \nare completed.340  \nUnder California law, your landlord has 21 days from the date that you moved out to  provide \none of the following: \n• Send you a full refund of your security deposit.""}, {""rank"": 2, ""source_file"": ""corpus/hw03/ca_landlord_tenant_guide_2026.pdf"", ""page_number"": 87, ""score"": 0.6944279580276769, ""text"": ""364 \nAny deduction must be reasonable in amount and must be for a purpose permitted by the \nsecurity deposit statute. 365 \nTwenty-one calendar days (or less) after the tenancy ends, the \nlandlord must refund any portion of the security deposit that remains after the landlord has \nmade any lawful deductions (see pages 34-37, 75-88).366 Beginning January 1, 2026, if a tenant \npaid their security deposit and any rent payment by a digital payment method (including, but \nnot limited to, electronic bank transfer, such as through Zelle, or payments through online \nproperty management portals) , the landlord must return the security deposit by a digital \npayment method, unless the tenant and landlord agree in writing to an alternative method. 367""}, {""rank"": 3, ""source_file"": ""corpus/hw03/ca_landlord_tenant_guide_2026.pdf"", ""page_number"": 86, ""score"": 0.6943908192822877, ""text"": ""Itemized statement \nThe landlord or the landlord’s agent may perform the inspection if the tenant is not \npresent, unless the tenant previously withdrew their request for an inspection.356\nBased on the findings in the inspection, the landlord or agent must prepare an itemized \nstatement of repairs or cleaning that the landlord or agent believes the tenant should perform in order \nto avoid deductions from the tenant’s security deposit. The landlord or agent must give the statement \nto the tenant if the tenant is present for the inspection or leave it inside the unit if the tenant is not \npresent.357 \nThe landlord or agent also must give the tenant a copy of the sections of California’s \nsecurity deposit statute that list lawful uses of tenants’ security deposits.358 \nThe security deposit statute has the effect of limiting the kinds of repairs or cleaning that the \nlandlord or agent may properly include in the itemized statement. Because of this statute, the \nlandlord cannot, for example, use the tenant’s security deposit to repair damages or correct defects \nin the rental that existed before the tenant moved in or are the result of ordinary wear and tear.359\nSince the landlord cannot use the tenant’s deposit to correct these kinds of defects, the landlord \nor agent cannot list them in the itemized statement. \nIf at the time the initial inspection is conducted, the rental unit does not contain tenant \npossessions that would prevent a landlord from identifying repairs or cleanings  because of the \npresence of those possessions, the landlord cannot deduct from a tenant’s security deposit any \nrepairs or cleanings that were not identified in the itemized statement.360  \nBefore the tenancy ends, the tenant may make the repairs or do the cleaning described in the \nitemized statement, as allowed by the rental agreement, in order to av oid deductions from the \ndeposit.361 \nHowever, the tenant cannot be required to repair defects or do cleaning if the tenant’s \nsecurity deposit could not be used properly to pay for that repair or cleaning. \nFinal inspection \nThe landlord may perform a final inspection after the tenant has moved out of the rental. \nBeginning April 1, 2025, the landlord must take photographs of the rental unit within a \nreasonable time after possession of the rental is returned to the landlord, but prior to any repairs \nor cleanings.362  The landlord must also take photographs of the rental within a reasonable time \nafter such repairs or cleanings are completed. 363 The landlord may make a deduction from the \ntenant’s security deposit to repair a defect or correct a condition , including, but not limited to \ncleaning the rental: \n• That was identified in the inspection statement and that the tenant did not repair or correct; or\n• That occurred after the initial inspection; or""}]",,,,"{""buffer_size"": 1, ""breakpoint_percentile_threshold"": 95}"
,,,,,,,,,,,,,,,"[{""rank"": 1, ""source_file"": ""corpus/hw04/hud_assistance_animal_notice.pdf"", ""page_number"": 4, ""score"": 0.7571258619212022, ""text"": ""Breed, size, and weight limitations may not be applied to an \nassistance animal. A determination that an assistance animal poses a direct threat of harm to \nothers or would cause substantial physical d amage to the property of others must be based on an \nindividualized assessment that relies on objective evidence about the specific animal ’s actual \nconduct — not on mere speculation or fear about the types of harm or damage an animal may \ncause and not on evidence about harm or damage that other animals have caused. Conditions and \nrestrictions that housing providers apply to pets may not be applied to assistance animals. For \nexample, while housing providers may require applicants or residents to pay a pet dep osit, they \nmay not require applicants and residents to pay a deposit for an assistance animal. 6 \nA housing provider may not deny a reasonable accommodation request because he or she is \nuncertain whether or not the person seeking the accommodation has a disability or a disability-\nrelated need for an assistance animal. Housing providers may ask individuals who have \ndisabilities that are not readily apparent or known to the provider to submit reliable documentation \nof a disability and their disability-related need for an assistance animal. If the disability is readily \napparent or known but the disability-related need for the assistance animal is not, the housing \nprovider may ask the individual to provide documentation of the disability-related need for an \n                                                      \n6 A housing provider may require a tenant to cover the costs of repairs for damage the animal causes to the tenant’s \ndwelling unit or the common areas, reasonable wear and tear excepted, if it is the provider’s practice to assess tenants \nfor any damage they cause to the premises. For more information on reasonable accommodations, see the Joint \nStatement of the Department of Housing and Urban Development and the Department of Justice, Reasonable \nAccommodations Under the Fair Housing Act, http://www.hud.gov/offices/fheo/library/huddojstatement.pdf.""}, {""rank"": 2, ""source_file"": ""corpus/hw03/ca_landlord_tenant_guide_2026.pdf"", ""page_number"": 36, ""score"": 0.7524284171538553, ""text"": ""However, the landlord can require that some form of financial guarantee \nbe put in place that is sufficient to pay for the properly required restoration. This can take the \nform of requiring that the tenant pay into an interest-bearing escrow account, over a reasonable \nperiod, a reasonable amount of money not to exceed the c ost of the restorations, where the \ninterest in any such account shall accrue to the benefit of the tenant.118 \nAssistance animals and service animals, used by persons with disabilities as a reasonable \naccommodation for a disability, are not pets and are not subject to a no pets policy. A refusal to \nmake reasonable accommodations in rules, policies, practices, or se rvices when these \naccommodations may be necessary to afford a person with disabilities equal opportunity to use \nand enjoy a dwelling, violates fair housing laws. \nFor more information on reasonable accommodations, review: \nhttps://www.justice.gov/sites/default/files/crt/legacy/2010/12/14/joint_statement_ra.pdf and \nhttps://www.hud.gov/sites/documents/reasonable_modifications_mar08.pdf. \nTENANT’S BASIC LEGAL RIGHTS \nTenants have basic legal rights that are always present, no matter what the rental agreement \nstates. These rights include all of the following: \n• Limits on the amount of the security deposit that the landlord can require you to pay (see\npages 34-36).\n• As of January 1, 2020, most rental units are covered by the Tenant Protection Act which\nplaces a cap on annual rent increases equal to 5% plus inflation, or 10%, whichever is\nlower, and no more than two rental increases within a 1 2-month period (see page 39 -\n40). 119 Tenants living in cities with rent stabilization programs might have additional rent\nprotections available to them. See Appendix 2 in this guidebook for a comprehensive list\nof California cities and counties with rent stabilization protections.""}, {""rank"": 3, ""source_file"": ""corpus/hw04/hud_assistance_animal_notice.pdf"", ""page_number"": 4, ""score"": 0.7291319201865923, ""text"": ""Page 4 of 10 \n \n(1) Does the person seeking to use and live with the animal have a disability — i.e., \na physical or mental impairment that substantially limits one or more major life \nactivities? \n(2) Does the person making the request have a disability-related need for an assistance \nanimal? In other words, does the animal work, provide assistance, perform tasks or \nservices for the benefit of a person with a disability, or provide emotional support that \nalleviates one or more of the identified symptoms or effects of a person’s existing \ndisability? \nIf the answer to question (1) or (2) is “no,” then the FHAct and Section 504 do not require a \nmodification to a provider’s “no pets” policy, and the reasonable accommodation request may be \ndenied. \nWhere the answers to questions (1) and (2) are “yes,” the FHAct and Section 504 require the \nhousing provider to modify or provide an exception to a “no pets” rule or policy to permit a \nperson with a disability to live with and use an assistance animal(s) in all areas of the premises \nwhere persons are normally allowed to go, unless doing so would impose an undue financial and \nadministrative burden or would fundamentally alter the nature of the housing provider ’s services. \nThe request may also be denied if: (1) the specific assistance animal in question poses a direct \nthreat to the health or safety of others that cannot be reduced or eliminated by another reasonable \naccommodation, or (2) the specific assistance animal  in question would cause substantial \nphysical damage to the property of others that cannot be re duced or eliminated by another \nreasonable accommodation.""}]",,,,"{""buffer_size"": 1, ""breakpoint_percentile_threshold"": 95}"
,,,,,,,,,,,,,,,"[{""rank"": 1, ""source_file"": ""corpus/hw03/ca_landlord_tenant_guide_2026.pdf"", ""page_number"": 32, ""score"": 0.6636068600561595, ""text"": ""If the parties specifically negotiate in Spanish, Chinese, Tagalog, Vietnamese or \nKorean, the landlord must give the tenant a written translation of the proposed written agreement \nin the language used in the negotiation before the tenant signs the agreement.106 \nThis rule applies \nwhether the negotiations are oral or in writing  and only applies if Spanish, Chinese, Tagalog, \nVietnamese or Korean is used . The rule does not apply if the parties negotiate in some other \nlanguage, such as Russian or if the rental agreement is for a period of one month or less. \nThe landlord must give the tenant the written translation of the rental agreement whether or \nnot it is requested by the tenant. The translation must include every term and condition in the \nrental agreement, but may retain elements in English such as names, addresses, numerals, dollar \namounts and dates. It is never acceptable for the landlord to give the written translation of the \nrental agreement to the tenant after the tenant has signed the rental agreement . Rather, the""}, {""rank"": 2, ""source_file"": ""corpus/hw03/ca_landlord_tenant_guide_2026.pdf"", ""page_number"": 33, ""score"": 0.6603083134596447, ""text"": ""27 \nlandlord must provide the tenant with the written translation of the rental agreement prior to the \nexecution, or signing, of the rental agreement. \nHowever, the landlord is not required to give the tenant a written translation of the lease or \nrental agreement if all of the following are true: \n• The Spanish-, Chinese-, Tagalog-, Vietnamese-, or Korean-speaking tenant negotiated the\nrental agreement through his or her own interpreter;\n• The tenant’s interpreter is able to speak fluently and read with full understanding English,\nas well as Spanish, Chinese, Tagalog, Vietnamese, or Korean  (whichever language is used\nin the negotiation);\n• The interpreter is not a minor (under 18 years of age); and\n• The interpreter is not employed or made available by or through the landlord.\nIf a landlord who is required to provide a written translation of a lease or rental agreement in \none of these languages fails to do so, the tenant can rescind (cancel) the agreement.107\nWHEN YOU HAVE DECIDED TO RENT \nBefore signing a rental agreement or a lease, the parties should read it carefully so that each \nparty understands all of its terms. What kind of terms should be included in the rental agreement \nor lease? Can the rental agreement or lease limit the basic rights that the law gives to all tenants? \nHow much can the landlord require you to pay as a security deposit? This section answers these \nand other questions. \nWHAT THE RENTAL AGREEMENT SHOULD INCLUDE \nMost landlords use printed forms for their rental agreements, however, printed forms may vary \nfrom form to form. There is no standard rental agreement. Some agreements may have terms that \nare only invoked through the checking of a box, placing a party’s initials, or otherwise marking the \nagreement.""}, {""rank"": 3, ""source_file"": ""corpus/hw03/ca_fair_housing_rights_booklet.pdf"", ""page_number"": 6, ""score"": 0.6485997960872593, ""text"": ""5. Language\nYou Have The Right To Use Your Preferred Language\nPrivate housing providers don’t have to provide you with a translator, but they \nmust speak with a translator if you provide one, and allow staff who speak your \nlanguage to converse with you in that language.\nLeases that you negotiate in a language other than English must be translated \ninto that language.\nAdvertising for housing only in a language other than English indicates a \npreference for certain national origins or ethnicities over others, and is not \npermitted.""}]",,,,"{""buffer_size"": 1, ""breakpoint_percentile_threshold"": 95}"
,,,,,,,,,,,,,,,"[{""rank"": 1, ""source_file"": ""corpus/hw04/hud_assistance_animal_notice.pdf"", ""page_number"": 9, ""score"": 0.25470432421370437, ""text"": ""at 56194, 56268. \n14 75 Fed. Reg. at 56166, 56240. \n15 28 C.F.R § 35.136; 28 C.F.R. § 36.302(c).""}, {""rank"": 2, ""source_file"": ""corpus/hw04/hud_fair_housing_guide_2025.pdf"", ""page_number"": 30, ""score"": 0.21113874134355184, ""text"": ""L.C., 527 U.S. 581 (1999).""}, {""rank"": 3, ""source_file"": ""corpus/hw03/ca_landlord_tenant_guide_2026.pdf"", ""page_number"": 154, ""score"": 0.19693143682076297, ""text"": ""148 \n493 11 U.S.C. § 362(d). \n494 11 U.S.C. § 362(c) and (d).""}]",,,,"{""buffer_size"": 1, ""breakpoint_percentile_threshold"": 95}"
,,,,,,,,,,,,,,,"[{""rank"": 1, ""source_file"": ""corpus/hw04/hud_fair_housing_guide_2025.pdf"", ""page_number"": 41, ""score"": 0.15111630077428706, ""text"": ""Though these are just a few examples, \ndiscriminatory statements of any kind cannot be tolerated, and PHAs have an obligation to ensure they do not \noccur or go unaddressed, if they do occur. \n \nOne way to promote ongoing awareness and competence is diversity and inclusion training for staff, providing \nthem with opportunities to challenge stereotypes and confront biases -- including implicit biases -- in a training \nenvironment.  Training on fair housing and civil rights laws more broadly is also important to promote \ncompliance since all PHA staff are obligated to comply with Federal fair housing and civil rights laws.  Staff \nand participants must be permitted to speak up if they observe harassing or other discriminatory conduct and \nbe assured that they will be protected from retaliation for doing so.   \n \nBeyond this, all policies, procedures, and practices must not discriminate because of any protected class.  \nPHA employees must ensure that they apply program rules, services, and procedures in a consistent \nnondiscriminatory manner.  PHAs must also consider the demographics of the people impacted – positively \nand negatively – by policies and practices to ensure that none have an unjustified discriminatory effect.   \n \nAny aggrieved person may file a fair housing claim against the PHA. PHAs must ensure that all applicants and \ntenants are aware that filing a complaint with HUD is their right, that they will not be subject to retaliation for \ndoing so, and how they may obtain more information about filing a complaint, including how to access HUD’s \ncomplaint filing site linked below.153   \n7.2 Filing Procedures for Discrimination Complaints \nA person who believes that they have been or are about to be injured by a discriminatory housing practice may \nfile a complaint with HUD’s Office of Fair Housing and Equal Opportunity (FHEO).  HUD accepts complaints \nalleging discrimination in violation of the Fair Housing Act, Title VI, Section 504, the ADA, the Age \nDiscrimination Act, VAWA, and other Federal civil rights laws.   \n \nHUD accepts complaints alleging discrimination using form HUD-903.1, “Housing Discrimination Claim Form,” \nwhich is easy to complete and may be submitted at a HUD field office, through electronic submission online, \nby U.S. mail, or over the telephone.  The complaint form can be accessed here: \nhttps://www.hud.gov/program_offices/fair_housing_equal_opp/online-complaint. \n \n \n153 24 CFR 1.7(b); 8.56(c); 103 Subpart B.""}, {""rank"": 2, ""source_file"": ""corpus/hw04/hud_assistance_animal_notice.pdf"", ""page_number"": 7, ""score"": 0.1257411016549869, ""text"": ""§ 36.302(e). \n11 For more information on ADA requirements relating to service animals, visit DOJ’s website at www.ada.gov.""}, {""rank"": 3, ""source_file"": ""corpus/hw03/hud_fair_housing_booklet.pdf"", ""page_number"": 23, ""score"": 0.1136868087556965, ""text"": ""Notes""}]",,,,"{""buffer_size"": 1, ""breakpoint_percentile_threshold"": 95}"
,,,,,,,,,,,,,,,"[{""rank"": 1, ""source_file"": ""corpus/hw03/ca_landlord_tenant_guide_2026.pdf"", ""page_number"": 41, ""score"": 0.7237980215512273, ""text"": ""35 \nsecurity deposit, unless the landlord uses the deposit for a lawful purpose, as described on pages \n75-78.\nAlmost all landlords charge tenants a security deposit. The security deposit may be called last\nmonth’s rent, security deposit, pet deposit, key fee, or cleaning fee. The security deposit can even \nbe a combination  of fees. No matter what these payments or fees are called, the law considers \nthem all, as well as any other deposit or charge, to be part of the security deposit.140\nThe law limits the total amount that the landlords and small landlords (as defined below) can \nrequire you to pay as a security deposit. As of July 1, 2024, landlords will be limited to an amount \nof no more than one month’s rent  that they can charge as a security deposit. 141 This new law \napplies to furnished and unfurnished residences. The law does not allow for exceptions for pet \ndeposits, key fees, or cleaning fees. For example, there is no allowance for an additional pet deposit \nfor tenants living with a service or emotional support animal. Regardless of the landlord’s \njustification or name for any other deposits or charges, the law considers them all to be part of the \nsecurity deposit and limited to an amount equal to one month’s rent.142\nOnly small landlords can charge more for a security deposit. Small landlords can charge up to \ntwo month’s rent for a security deposit.143 They are defined as individual people or limited liability \ncompanies owned by people that own and rent one or two properties containing no more than 4 \nrental units. \nTenants should not believe that their security deposit somehow constitutes pre- payment for \ntheir last month’s rent – even if their landlord has used this term with respect to the security \ndeposit.""}, {""rank"": 2, ""source_file"": ""corpus/hw03/ca_landlord_tenant_guide_2026.pdf"", ""page_number"": 142, ""score"": 0.6629399915982647, ""text"": ""Code § 1950.6. The maximum fee is adjusted each year based on changes in the Consumer Price Index since January \n1, 1998. As of December 2023, the maximum allowable fee is $62,02.  \n55 Civ. Code § 1950.6(c).  \n56 Civ. Code § 1950.6. \n57 California Apartment Association (https://caanet.org/kb/max-screening-fee/). \n58 Civ. Code § 1950.6(c)(1).  \n59 Civ. Code § 1950.6(f).  \n60 See Civ. Code § 1950.6(d); Civ. Code § 1950.6(e).  \n61 California Practice Guide, Landlord-Tenant, § 2:553.3 (Rutter Group 2021). \n62 Gov. Code § 12921(b). \n63 Cal. Code Regs. § 12060. \n64 Gov. Code §§ 12926(p), 12927(e) and 12955(a) and (d). Fair Employment and Housing Act, Gov. Code § 12900 and \nfollowing; and federal Fair Housing Act, 42 U.S.C. § 3601 and following.""}, {""rank"": 3, ""source_file"": ""corpus/hw03/ca_landlord_tenant_guide_2026.pdf"", ""page_number"": 82, ""score"": 0.6434692192000122, ""text"": ""76 \nmonth’s rent, as security deposit.335 \nREFUND OF SECURITY DEPOSITS \nCommon problems and how to avoid them \nOne of the most common disagreements between landlords and tenants is over the refund of \nthe tenant’s security deposit after the tenant has moved out of the rental unit. California law, \ntherefore, specifies procedures that the landlord must follow for refunding, using, and accounting \nfor tenants’ security deposits. \nCalifornia law specifically allows the landlord to use a tenant’s security deposit for four  \npurposes: \n• For unpaid rent;\n• For cleaning the rental unit when the tenant moves out, but only to make the unit as clean\nas it was when the tenant first moved in, exclusive of normal wear and tear; 336\n• For repair of damages, other than normal wear and tear, caused by the tenant or the\ntenant’s guests; and\n• If the rental agreement allows it, for the cost of restoring or replacing furniture, furnishings,\nor other items of personal property (including keys), other than because of normal wear\nand tear. 337 \nA landlord cannot refuse to return your entire security deposit simply because you lived in the \nunit. A landlord can withhold from the security deposit only those amounts that are reasonably \nnecessary for the purposes outlined above, i.e., for the cost of materials or supplies and for work \nperformed to restore the unit back the condition it was in at the beginning of the tenancy exclusive \nof ordinary wear and tear. The security deposit cannot be used for repairing defects that existed \nin the unit before you moved in, for conditions caused by normal wear and tear during your  \ntenancy or previous tenancies, or for cleaning a rental unit that is as clean as it was when you \nmoved in.338 \nA rental agreement can never state that a security deposit is “nonrefundable.”339 \nA landlord also cannot withhold a tenant’s partial or full security deposit based solely on the \ntenant being a victim of domestic violence and/or terminating their lease early as described \npreviously.""}, {""rank"": 4, ""source_file"": ""corpus/hw03/ca_landlord_tenant_guide_2026.pdf"", ""page_number"": 41, ""score"": 0.6178116622087889, ""text"": ""The landlord will almost always be able to insist a tenant pay rent for their last month or \npartial portion thereof. \nEXCEPTION: Application screening fee  The law permits a landlord to collect from  a tenant an \napplication screening fee, in addition to the security deposit (see pages 1 7-18).144 \nThe application \nscreening fee is intended to cover the cost of obtaining information about you, such as checking \nyour personal references and obtaining your credit report (see pages 1 7-18). The application \nscreening fee is not part of the security deposit and is not refundable as part of the security deposit. \nHowever, any other fee charged by the landlord at the beginning of the tenancy to cover the \nlandlord’s costs of processing a new tenant is part of the security deposit.145  \nSecurity deposit scenarios: \n• Suppose that you agreed to rent an unfurnished apartment for $1,000 a month.  Before\nyou move in, the landlord can only require you to pay up to one month’s rent  as a\nsecurity deposit ($1,000). The landlord also can require you to pay the first month’s rent\nof $1,000, plus an application screening fee of up to $ 62.02 as of December 2023 , in\naddition to the $ 1,000 security deposit. This is because the first month’s rent and the\napplication screening fee are not part of the security deposit.\n• Suppose the landlord requires you to pay $1,000 security deposit (the maximum allowed\nby law for an unfurnished unit when the rent is $1,000). The landlord cannot then add\nto this $1,000 deposit additional deposit fees such as another $200 cleaning fee, $25 key\ndeposit, $50 mailbox deposit fee, or other similar fees. The $1,000 plus the added fees\nwould be prohibited by state law.""}, {""rank"": 5, ""source_file"": ""corpus/hw03/ca_landlord_tenant_guide_2026.pdf"", ""page_number"": 151, ""score"": 0.6149080904930252, ""text"": ""Code § 1950.5(k). Exception: Pursuant to Civil Code section 1050.5(j)(3), if the new landlord acted in the good faith \nbelief based upon an inquiry and reasonable investigation that the old landlord properly complied with the transfer or refund \nrequirement, the new landlord is not jointly liable with the old landlord. \n391 Weaver, California Tenants’ Rights, 23rd Ed, page 233 (NOLO Press 2022). \n392 Civ. Code § 1950.5(k). \n393 California Practice Guide, Landlord-Tenant, § 2:810 (Rutter Group 2021). \n394 Civ. Code § 1950.5(p) (describes evidence that proves the existence and amount of a security deposit). \n395 Civ. Code § 1950.5(o); Code Civ. Proc. § 116.221. \n396 Civ. Code § 1950.5(m). \n397 Ibid.  \n398 Ibid.  \n399 Code Civ. Proc. §§ 1032(b) and 1033.5(a)(10)(A). \n400 Civ.""}]",,,,"{""buffer_size"": 1, ""breakpoint_percentile_threshold"": 95}"
,,,,,,,,,,,,,,,"[{""rank"": 1, ""source_file"": ""corpus/hw03/ca_landlord_tenant_guide_2026.pdf"", ""page_number"": 82, ""score"": 0.7383747148990517, ""text"": ""As of 2025, a landlord is required to take photographs of a rental unit within a reasonable time \nafter the tenant has returned possession of the unit to the landlord , but prior to any repairs or \ncleanings that the landlord plans to deduct from the tenant’s security deposit. The landlord also is \nrequired to take photographs of the unit within a reasonable time after those repairs or cleanings \nare completed.340  \nUnder California law, your landlord has 21 days from the date that you moved out to  provide \none of the following: \n• Send you a full refund of your security deposit.""}, {""rank"": 2, ""source_file"": ""corpus/hw03/ca_landlord_tenant_guide_2026.pdf"", ""page_number"": 87, ""score"": 0.6944279580276769, ""text"": ""364 \nAny deduction must be reasonable in amount and must be for a purpose permitted by the \nsecurity deposit statute. 365 \nTwenty-one calendar days (or less) after the tenancy ends, the \nlandlord must refund any portion of the security deposit that remains after the landlord has \nmade any lawful deductions (see pages 34-37, 75-88).366 Beginning January 1, 2026, if a tenant \npaid their security deposit and any rent payment by a digital payment method (including, but \nnot limited to, electronic bank transfer, such as through Zelle, or payments through online \nproperty management portals) , the landlord must return the security deposit by a digital \npayment method, unless the tenant and landlord agree in writing to an alternative method. 367""}, {""rank"": 3, ""source_file"": ""corpus/hw03/ca_landlord_tenant_guide_2026.pdf"", ""page_number"": 86, ""score"": 0.6943908192822877, ""text"": ""Itemized statement \nThe landlord or the landlord’s agent may perform the inspection if the tenant is not \npresent, unless the tenant previously withdrew their request for an inspection.356\nBased on the findings in the inspection, the landlord or agent must prepare an itemized \nstatement of repairs or cleaning that the landlord or agent believes the tenant should perform in order \nto avoid deductions from the tenant’s security deposit. The landlord or agent must give the statement \nto the tenant if the tenant is present for the inspection or leave it inside the unit if the tenant is not \npresent.357 \nThe landlord or agent also must give the tenant a copy of the sections of California’s \nsecurity deposit statute that list lawful uses of tenants’ security deposits.358 \nThe security deposit statute has the effect of limiting the kinds of repairs or cleaning that the \nlandlord or agent may properly include in the itemized statement. Because of this statute, the \nlandlord cannot, for example, use the tenant’s security deposit to repair damages or correct defects \nin the rental that existed before the tenant moved in or are the result of ordinary wear and tear.359\nSince the landlord cannot use the tenant’s deposit to correct these kinds of defects, the landlord \nor agent cannot list them in the itemized statement. \nIf at the time the initial inspection is conducted, the rental unit does not contain tenant \npossessions that would prevent a landlord from identifying repairs or cleanings  because of the \npresence of those possessions, the landlord cannot deduct from a tenant’s security deposit any \nrepairs or cleanings that were not identified in the itemized statement.360  \nBefore the tenancy ends, the tenant may make the repairs or do the cleaning described in the \nitemized statement, as allowed by the rental agreement, in order to av oid deductions from the \ndeposit.361 \nHowever, the tenant cannot be required to repair defects or do cleaning if the tenant’s \nsecurity deposit could not be used properly to pay for that repair or cleaning. \nFinal inspection \nThe landlord may perform a final inspection after the tenant has moved out of the rental. \nBeginning April 1, 2025, the landlord must take photographs of the rental unit within a \nreasonable time after possession of the rental is returned to the landlord, but prior to any repairs \nor cleanings.362  The landlord must also take photographs of the rental within a reasonable time \nafter such repairs or cleanings are completed. 363 The landlord may make a deduction from the \ntenant’s security deposit to repair a defect or correct a condition , including, but not limited to \ncleaning the rental: \n• That was identified in the inspection statement and that the tenant did not repair or correct; or\n• That occurred after the initial inspection; or""}, {""rank"": 4, ""source_file"": ""corpus/hw03/ca_landlord_tenant_guide_2026.pdf"", ""page_number"": 82, ""score"": 0.6885712811511453, ""text"": ""76 \nmonth’s rent, as security deposit.335 \nREFUND OF SECURITY DEPOSITS \nCommon problems and how to avoid them \nOne of the most common disagreements between landlords and tenants is over the refund of \nthe tenant’s security deposit after the tenant has moved out of the rental unit. California law, \ntherefore, specifies procedures that the landlord must follow for refunding, using, and accounting \nfor tenants’ security deposits. \nCalifornia law specifically allows the landlord to use a tenant’s security deposit for four  \npurposes: \n• For unpaid rent;\n• For cleaning the rental unit when the tenant moves out, but only to make the unit as clean\nas it was when the tenant first moved in, exclusive of normal wear and tear; 336\n• For repair of damages, other than normal wear and tear, caused by the tenant or the\ntenant’s guests; and\n• If the rental agreement allows it, for the cost of restoring or replacing furniture, furnishings,\nor other items of personal property (including keys), other than because of normal wear\nand tear. 337 \nA landlord cannot refuse to return your entire security deposit simply because you lived in the \nunit. A landlord can withhold from the security deposit only those amounts that are reasonably \nnecessary for the purposes outlined above, i.e., for the cost of materials or supplies and for work \nperformed to restore the unit back the condition it was in at the beginning of the tenancy exclusive \nof ordinary wear and tear. The security deposit cannot be used for repairing defects that existed \nin the unit before you moved in, for conditions caused by normal wear and tear during your  \ntenancy or previous tenancies, or for cleaning a rental unit that is as clean as it was when you \nmoved in.338 \nA rental agreement can never state that a security deposit is “nonrefundable.”339 \nA landlord also cannot withhold a tenant’s partial or full security deposit based solely on the \ntenant being a victim of domestic violence and/or terminating their lease early as described \npreviously.""}, {""rank"": 5, ""source_file"": ""corpus/hw03/ca_landlord_tenant_guide_2026.pdf"", ""page_number"": 97, ""score"": 0.6789503242042669, ""text"": ""See additional suggestions regarding the inventory checklist on page 131, and “Refunds of \nSecurity Deposits,” pages 75-78. \nTERMINATIONS AND EVICTIONS \nCOVID-19 RELIEF  FOR EVICTIONS: While state processes/procedures return ed to their pre -\nstate of emergency status, emergency assistance by local jurisdictions may have continued beyond \nthat date. For more information about the availability of local relief and the Tenant Relief Act, \nplease go to https://housing.ca.gov/. \nWHEN CAN A LANDLORD TERMINATE A TENANCY? \nLandlords of residential real property covered by the Tenant Protection Act must notify their \ntenants of the act’s protections.411 \nFor rental agreements in effect before July 1, 2020, the landlord \nmust provide their tenants with written notice by August 1, 2020. For rental agreements entered \ninto or renewed after July 1, 2020, landlords must include the notice as an addendum to the lease \nor provide the notice to the tenant and obtain the tenant’s signature acknowledging receipt. The \nnotice must contain the following language:""}]",,,,"{""buffer_size"": 1, ""breakpoint_percentile_threshold"": 95}"
,,,,,,,,,,,,,,,"[{""rank"": 1, ""source_file"": ""corpus/hw04/hud_assistance_animal_notice.pdf"", ""page_number"": 4, ""score"": 0.7571258619212022, ""text"": ""Breed, size, and weight limitations may not be applied to an \nassistance animal. A determination that an assistance animal poses a direct threat of harm to \nothers or would cause substantial physical d amage to the property of others must be based on an \nindividualized assessment that relies on objective evidence about the specific animal ’s actual \nconduct — not on mere speculation or fear about the types of harm or damage an animal may \ncause and not on evidence about harm or damage that other animals have caused. Conditions and \nrestrictions that housing providers apply to pets may not be applied to assistance animals. For \nexample, while housing providers may require applicants or residents to pay a pet dep osit, they \nmay not require applicants and residents to pay a deposit for an assistance animal. 6 \nA housing provider may not deny a reasonable accommodation request because he or she is \nuncertain whether or not the person seeking the accommodation has a disability or a disability-\nrelated need for an assistance animal. Housing providers may ask individuals who have \ndisabilities that are not readily apparent or known to the provider to submit reliable documentation \nof a disability and their disability-related need for an assistance animal. If the disability is readily \napparent or known but the disability-related need for the assistance animal is not, the housing \nprovider may ask the individual to provide documentation of the disability-related need for an \n                                                      \n6 A housing provider may require a tenant to cover the costs of repairs for damage the animal causes to the tenant’s \ndwelling unit or the common areas, reasonable wear and tear excepted, if it is the provider’s practice to assess tenants \nfor any damage they cause to the premises. For more information on reasonable accommodations, see the Joint \nStatement of the Department of Housing and Urban Development and the Department of Justice, Reasonable \nAccommodations Under the Fair Housing Act, http://www.hud.gov/offices/fheo/library/huddojstatement.pdf.""}, {""rank"": 2, ""source_file"": ""corpus/hw03/ca_landlord_tenant_guide_2026.pdf"", ""page_number"": 36, ""score"": 0.7524284171538553, ""text"": ""However, the landlord can require that some form of financial guarantee \nbe put in place that is sufficient to pay for the properly required restoration. This can take the \nform of requiring that the tenant pay into an interest-bearing escrow account, over a reasonable \nperiod, a reasonable amount of money not to exceed the c ost of the restorations, where the \ninterest in any such account shall accrue to the benefit of the tenant.118 \nAssistance animals and service animals, used by persons with disabilities as a reasonable \naccommodation for a disability, are not pets and are not subject to a no pets policy. A refusal to \nmake reasonable accommodations in rules, policies, practices, or se rvices when these \naccommodations may be necessary to afford a person with disabilities equal opportunity to use \nand enjoy a dwelling, violates fair housing laws. \nFor more information on reasonable accommodations, review: \nhttps://www.justice.gov/sites/default/files/crt/legacy/2010/12/14/joint_statement_ra.pdf and \nhttps://www.hud.gov/sites/documents/reasonable_modifications_mar08.pdf. \nTENANT’S BASIC LEGAL RIGHTS \nTenants have basic legal rights that are always present, no matter what the rental agreement \nstates. These rights include all of the following: \n• Limits on the amount of the security deposit that the landlord can require you to pay (see\npages 34-36).\n• As of January 1, 2020, most rental units are covered by the Tenant Protection Act which\nplaces a cap on annual rent increases equal to 5% plus inflation, or 10%, whichever is\nlower, and no more than two rental increases within a 1 2-month period (see page 39 -\n40). 119 Tenants living in cities with rent stabilization programs might have additional rent\nprotections available to them. See Appendix 2 in this guidebook for a comprehensive list\nof California cities and counties with rent stabilization protections.""}, {""rank"": 3, ""source_file"": ""corpus/hw04/hud_assistance_animal_notice.pdf"", ""page_number"": 4, ""score"": 0.7291319201865923, ""text"": ""Page 4 of 10 \n \n(1) Does the person seeking to use and live with the animal have a disability — i.e., \na physical or mental impairment that substantially limits one or more major life \nactivities? \n(2) Does the person making the request have a disability-related need for an assistance \nanimal? In other words, does the animal work, provide assistance, perform tasks or \nservices for the benefit of a person with a disability, or provide emotional support that \nalleviates one or more of the identified symptoms or effects of a person’s existing \ndisability? \nIf the answer to question (1) or (2) is “no,” then the FHAct and Section 504 do not require a \nmodification to a provider’s “no pets” policy, and the reasonable accommodation request may be \ndenied. \nWhere the answers to questions (1) and (2) are “yes,” the FHAct and Section 504 require the \nhousing provider to modify or provide an exception to a “no pets” rule or policy to permit a \nperson with a disability to live with and use an assistance animal(s) in all areas of the premises \nwhere persons are normally allowed to go, unless doing so would impose an undue financial and \nadministrative burden or would fundamentally alter the nature of the housing provider ’s services. \nThe request may also be denied if: (1) the specific assistance animal in question poses a direct \nthreat to the health or safety of others that cannot be reduced or eliminated by another reasonable \naccommodation, or (2) the specific assistance animal  in question would cause substantial \nphysical damage to the property of others that cannot be re duced or eliminated by another \nreasonable accommodation.""}, {""rank"": 4, ""source_file"": ""corpus/hw03/ca_fair_housing_rights_booklet.pdf"", ""page_number"": 7, ""score"": 0.7241566497323533, ""text"": ""6. Assistance Animals\n12 13\nYou Have The Right To Your Assistance Animal\nHousing providers must allow you to keep or acquire an assistance animal if \nnecessary as a reasonable accommodation for physical or mental disabilities \nwithout charging a pet deposit or extra rent. Housing providers can’t have \nassistance animal breed or size restrictions, but do not have to approve \na request if the animal poses a direct health or safety threat or will cause \nsubstantial property damage. Remember, assistance animals are not pets. \nHousing providers can request information confirming your need for an \nassistance animal, but they don’t have a right to any additional information, \nsuch as your medical diagnosis. Beware of online certificates for “emotional \nsupport animals” — these will not be enough to show that you need an animal \nto help with your disability. \n7.""}, {""rank"": 5, ""source_file"": ""corpus/hw04/hud_assistance_animal_notice.pdf"", ""page_number"": 6, ""score"": 0.7191312875365234, ""text"": ""Page 6 of 10 \n \nsupport to provide documentation from a physician, psychiatrist, social worker, or other mental \nhealth professional that the animal provides emotional support that alleviates one or more of the \nidentified symptoms or effects of an existing disability. Such documentation is sufficient if it \nestablishes that an individual has a disability and that the animal in question will provide some \ntype of disability-related assistance or emotional support. \nHowever, a housing provider may not ask a tenant or applicant to provide documentation \nshowing the disab ility or disability -related need for an assistance animal if the disability or \ndisability-related need is readily apparent or already known to the provider. For example, \npersons who are blind or have low vision may not be asked to provide documentation of their \ndisability or their disability -related need for a guide dog. A housing provider also may not ask \nan applicant or tenant to provide access to medical records or medical providers or provide \ndetailed or extensive information or documentation of a perso n’s physical or mental \nimpairments. Like all reasonable accommodation requests, the determination of whether a \nperson has a disability -related need for an assistance animal involves an individualized \nassessment. A request for a reasonable accommodation may  not be unreasonably denied, or \nconditioned on payment of a fee or deposit or other terms and conditions applied to applicants \nor residents with pets, and a response may not be unreasonably delayed. Persons with \ndisabilities who believe a request for a rea sonable accommodation has been improperly denied \nmay file a complaint with HUD. 7 \n \nSection II: The ADA Definition of “Service Animal” \nIn addition to their reasonable accommodation obligations under the FHAct and Section 504, \nhousing providers may also have separate obligations under the ADA. DOJ’s revised ADA \nregulations define “service animal” narrowly as any dog that is individually trained to do work or \nperform tasks for the benefit of an individual with a disability, including a physical, sensory, \npsychiatric, intellectual, or other mental disability. The revised regulations specify that “the \nprovision of emotional support, well-being, comfort, or companionship do not constitute work or \ntasks for the purposes of this definition.”8 Thus, trained dogs are the only species of animal that \nmay qualify as service animals under the ADA (there is a separate provision regarding trained \nminiature horses9), and emotional support animals are expressly precluded from qualifying as \nservice animals under the ADA. \nThe ADA definition of “service animal” applies to state and local government programs, services \nactivities, and facilities and to public accommodations, such as leasing offices, social service \ncenter establishments, universities, and other places of education.  Because the ADA requirements \nrelating to service animals are different from the requirements relating to assistance animals under \nthe FHAct and Section 504, an individual’s use of a service animal in an ADA-covered facility \nmust not be handled as a request for a reasonable accommodation under the FHAct or Section \n                                                      \n7 Ibid. \n8 28 C.F.R.""}]",,,,"{""buffer_size"": 1, ""breakpoint_percentile_threshold"": 95}"
,,,,,,,,,,,,,,,"[{""rank"": 1, ""source_file"": ""corpus/hw03/ca_landlord_tenant_guide_2026.pdf"", ""page_number"": 32, ""score"": 0.6636068600561595, ""text"": ""If the parties specifically negotiate in Spanish, Chinese, Tagalog, Vietnamese or \nKorean, the landlord must give the tenant a written translation of the proposed written agreement \nin the language used in the negotiation before the tenant signs the agreement.106 \nThis rule applies \nwhether the negotiations are oral or in writing  and only applies if Spanish, Chinese, Tagalog, \nVietnamese or Korean is used . The rule does not apply if the parties negotiate in some other \nlanguage, such as Russian or if the rental agreement is for a period of one month or less. \nThe landlord must give the tenant the written translation of the rental agreement whether or \nnot it is requested by the tenant. The translation must include every term and condition in the \nrental agreement, but may retain elements in English such as names, addresses, numerals, dollar \namounts and dates. It is never acceptable for the landlord to give the written translation of the \nrental agreement to the tenant after the tenant has signed the rental agreement . Rather, the""}, {""rank"": 2, ""source_file"": ""corpus/hw03/ca_landlord_tenant_guide_2026.pdf"", ""page_number"": 33, ""score"": 0.6603083134596447, ""text"": ""27 \nlandlord must provide the tenant with the written translation of the rental agreement prior to the \nexecution, or signing, of the rental agreement. \nHowever, the landlord is not required to give the tenant a written translation of the lease or \nrental agreement if all of the following are true: \n• The Spanish-, Chinese-, Tagalog-, Vietnamese-, or Korean-speaking tenant negotiated the\nrental agreement through his or her own interpreter;\n• The tenant’s interpreter is able to speak fluently and read with full understanding English,\nas well as Spanish, Chinese, Tagalog, Vietnamese, or Korean  (whichever language is used\nin the negotiation);\n• The interpreter is not a minor (under 18 years of age); and\n• The interpreter is not employed or made available by or through the landlord.\nIf a landlord who is required to provide a written translation of a lease or rental agreement in \none of these languages fails to do so, the tenant can rescind (cancel) the agreement.107\nWHEN YOU HAVE DECIDED TO RENT \nBefore signing a rental agreement or a lease, the parties should read it carefully so that each \nparty understands all of its terms. What kind of terms should be included in the rental agreement \nor lease? Can the rental agreement or lease limit the basic rights that the law gives to all tenants? \nHow much can the landlord require you to pay as a security deposit? This section answers these \nand other questions. \nWHAT THE RENTAL AGREEMENT SHOULD INCLUDE \nMost landlords use printed forms for their rental agreements, however, printed forms may vary \nfrom form to form. There is no standard rental agreement. Some agreements may have terms that \nare only invoked through the checking of a box, placing a party’s initials, or otherwise marking the \nagreement.""}, {""rank"": 3, ""source_file"": ""corpus/hw03/ca_fair_housing_rights_booklet.pdf"", ""page_number"": 6, ""score"": 0.6485997960872593, ""text"": ""5. Language\nYou Have The Right To Use Your Preferred Language\nPrivate housing providers don’t have to provide you with a translator, but they \nmust speak with a translator if you provide one, and allow staff who speak your \nlanguage to converse with you in that language.\nLeases that you negotiate in a language other than English must be translated \ninto that language.\nAdvertising for housing only in a language other than English indicates a \npreference for certain national origins or ethnicities over others, and is not \npermitted.""}, {""rank"": 4, ""source_file"": ""corpus/hw03/ca_landlord_tenant_guide_2026.pdf"", ""page_number"": 145, ""score"": 0.5474591303639217, ""text"": ""139  \n \n132 Civ. Code § 1940.7. \n133 Civ. Code § 1710.2. \n134 Gov. Code § 66459; California Practice Guide, Landlord-Tenant, §§ 5:306-5:313.9 (Rutter Group 2021). See Appendix 5 \nfor the required language. \n135 See California Practice Guide, Landlord-Tenant, § 5:313.9 (Rutter Group 2021). \n136 Gov. Code § 8589.45. \n137 Civ. Code § 2079.10a. \n138 Civ. Code § 1950.5(b). \n139 Civ. Code § 1950.5(n); Weaver, California Tenants’ Rights, 23rd Ed., page 230 (NOLO Press 2022). \n140 Civ. Code § 1950.5(b). \n141 Civ. Code § 1950.5(c)(1). \n142 Civ. Code § 1950.5(b). \n143 Civ. Code § 1950.5(c)(4). \n144 Civ. Code §§ 1950.5(b) and 1950.6. \n145 Civ. Code § 1950.5(b). \n146 Civ. Code § 1950.5(n). \n147 Civ. Code § 1950.5(b) and (e). \n148 Civ. Code § 1950.5(p) (describes evidence that proves the existence and amount of a security deposit). \n149 Civ. Code § 1947.3(b). \n150 Civ. Code § 1950.5(h)(1). \n151 Civ. Code § 1950.5(c)(4).  \n152 Civ. Code § 1950.5(c)(5)(B).  \n153 Civ. Code § 1946.7. \n154 Civ. Code § 1946.7. \n155 Gov. Code § 12955; 42 U.S.C. §§ 3601-3619 (prohibiting sex discrimination); Sara K. Pratt, U.S. Dept. of Housing and \nUrban Dev., Office of Fair Housing & Equal Opportunity, Assessing Claims of Housing Discrimination against Victims of \nDomestic Violence under the Fair Housing Act and the Violence Against Women Act (2011). In the context of a number of \nfederally assisted housing programs, the Violence Against Women Act (VAWA) offers protections from discrimination \nbased on one’s status as a victim of domestic violence, dating violence, sexual assault, or stalking. 34 U.S.C. § 12491(b). \nFor general information about which programs are covered by VAWA, please see this pamphlet from the National Housing \nLaw Project: https://www.nhlp.org/wp- content/uploads/VAWA-Brochure-English-and-Spanish-combined.pdf. An attorney \ncan help you figure out if VAWA protections apply in your case. \n156 Civ. Code § 1950.5(i). \n157 Civ. Code § 1950.5(g)(1).  \n158 Civ. Code § 1950.5(n). \n159 Civ. Code § 1950.5(m). \n160 In general, every person is responsible for damages sustained by someone else as a result of the person’s carelessness. \n(Civ.""}, {""rank"": 5, ""source_file"": ""corpus/hw03/ca_landlord_tenant_guide_2026.pdf"", ""page_number"": 144, ""score"": 0.49751105071193336, ""text"": ""Code §§ 1954.201, 1954.204 and 1954.216. \n106 Civ. Code § 1632(b). The purpose of this law is to ensure that the Spanish-, Chinese-, Tagalog-, Vietnamese-, or Korean-\nspeaking person has a genuine opportunity to read the written translation of the proposed agreement that has been \nnegotiated primarily in one of these languages, and to consult with others, before signing the agreement. \n107 Civ. Code § 1632(k). Civ. Code § 1688 and following on rescission of contract. \n108 Civ.""}]",,,,"{""buffer_size"": 1, ""breakpoint_percentile_threshold"": 95}"
,,,,,,,,,,,,,,,"[{""rank"": 1, ""source_file"": ""corpus/hw04/hud_assistance_animal_notice.pdf"", ""page_number"": 9, ""score"": 0.25470432421370437, ""text"": ""at 56194, 56268. \n14 75 Fed. Reg. at 56166, 56240. \n15 28 C.F.R § 35.136; 28 C.F.R. § 36.302(c).""}, {""rank"": 2, ""source_file"": ""corpus/hw04/hud_fair_housing_guide_2025.pdf"", ""page_number"": 30, ""score"": 0.21113874134355184, ""text"": ""L.C., 527 U.S. 581 (1999).""}, {""rank"": 3, ""source_file"": ""corpus/hw03/ca_landlord_tenant_guide_2026.pdf"", ""page_number"": 154, ""score"": 0.19693143682076297, ""text"": ""148 \n493 11 U.S.C. § 362(d). \n494 11 U.S.C. § 362(c) and (d).""}, {""rank"": 4, ""source_file"": ""corpus/hw03/ca_landlord_tenant_guide_2026.pdf"", ""page_number"": 142, ""score"": 0.19559972115120008, ""text"": ""Code §§ 1785.16 and 1786.24; 15 U.S.C. § 1681i. \n52 Civ. Code § 1950.6(f). \n53 Civ. Code §§ 1785.15(a)(2), 1785.15.1 and 1785.15.2; 15 U.S.C.""}, {""rank"": 5, ""source_file"": ""corpus/hw04/hud_assistance_animal_notice.pdf"", ""page_number"": 6, ""score"": 0.18881010140454207, ""text"": ""§ 35.104; 28 C.F.R. § 36.104. \n9 28 C.F.R. § 35.136(i); 28 C.F.R. § 36.302(c)(9).""}]",,,,"{""buffer_size"": 1, ""breakpoint_percentile_threshold"": 95}"
,,,,,,,,,,,,,,,"[{""rank"": 1, ""source_file"": ""corpus/hw04/hud_fair_housing_guide_2025.pdf"", ""page_number"": 41, ""score"": 0.15111630077428706, ""text"": ""Though these are just a few examples, \ndiscriminatory statements of any kind cannot be tolerated, and PHAs have an obligation to ensure they do not \noccur or go unaddressed, if they do occur. \n \nOne way to promote ongoing awareness and competence is diversity and inclusion training for staff, providing \nthem with opportunities to challenge stereotypes and confront biases -- including implicit biases -- in a training \nenvironment.  Training on fair housing and civil rights laws more broadly is also important to promote \ncompliance since all PHA staff are obligated to comply with Federal fair housing and civil rights laws.  Staff \nand participants must be permitted to speak up if they observe harassing or other discriminatory conduct and \nbe assured that they will be protected from retaliation for doing so.   \n \nBeyond this, all policies, procedures, and practices must not discriminate because of any protected class.  \nPHA employees must ensure that they apply program rules, services, and procedures in a consistent \nnondiscriminatory manner.  PHAs must also consider the demographics of the people impacted – positively \nand negatively – by policies and practices to ensure that none have an unjustified discriminatory effect.   \n \nAny aggrieved person may file a fair housing claim against the PHA. PHAs must ensure that all applicants and \ntenants are aware that filing a complaint with HUD is their right, that they will not be subject to retaliation for \ndoing so, and how they may obtain more information about filing a complaint, including how to access HUD’s \ncomplaint filing site linked below.153   \n7.2 Filing Procedures for Discrimination Complaints \nA person who believes that they have been or are about to be injured by a discriminatory housing practice may \nfile a complaint with HUD’s Office of Fair Housing and Equal Opportunity (FHEO).  HUD accepts complaints \nalleging discrimination in violation of the Fair Housing Act, Title VI, Section 504, the ADA, the Age \nDiscrimination Act, VAWA, and other Federal civil rights laws.   \n \nHUD accepts complaints alleging discrimination using form HUD-903.1, “Housing Discrimination Claim Form,” \nwhich is easy to complete and may be submitted at a HUD field office, through electronic submission online, \nby U.S. mail, or over the telephone.  The complaint form can be accessed here: \nhttps://www.hud.gov/program_offices/fair_housing_equal_opp/online-complaint. \n \n \n153 24 CFR 1.7(b); 8.56(c); 103 Subpart B.""}, {""rank"": 2, ""source_file"": ""corpus/hw04/hud_assistance_animal_notice.pdf"", ""page_number"": 7, ""score"": 0.1257411016549869, ""text"": ""§ 36.302(e). \n11 For more information on ADA requirements relating to service animals, visit DOJ’s website at www.ada.gov.""}, {""rank"": 3, ""source_file"": ""corpus/hw03/hud_fair_housing_booklet.pdf"", ""page_number"": 23, ""score"": 0.1136868087556965, ""text"": ""Notes""}, {""rank"": 4, ""source_file"": ""corpus/hw04/hud_assistance_animal_notice.pdf"", ""page_number"": 8, ""score"": 0.10483095676155892, ""text"": ""Reg. at 56166, 56240 (Sept. 15, 2010).""}, {""rank"": 5, ""source_file"": ""corpus/hw04/hud_fair_housing_guide_2025.pdf"", ""page_number"": 39, ""score"": 0.08242960272334596, ""text"": ""145 24 CFR 5.105(a)(1). \n146 24 CFR 5.852 (e).  \n147 24 CFR 100.7(b).  \n148 24 CFR 960.509(b)(11)(iv)(G)(4).""}]",,,,"{""buffer_size"": 1, ""breakpoint_percentile_threshold"": 95}"
,,,,,,,,,,,,,,,"[{""rank"": 1, ""source_file"": ""corpus/hw03/ca_landlord_tenant_guide_2026.pdf"", ""page_number"": 33, ""score"": 0.7814435997663047, ""text"": ""If a landlord who is required to provide a written translation of a lease or rental agreement in \none of these languages fails to do so, the tenant can rescind (cancel) the agreement.107\nWHEN YOU HAVE DECIDED TO RENT \nBefore signing a rental agreement or a lease, the parties should read it carefully so that each \nparty understands all of its terms.  What kind of terms should be included in the rental agreement \nor lease?  Can the rental agreement or lease limit the basic rights that the law gives to all tenants? \n How much can the landlord require you to pay as a security deposit?  This section answers these \nand other questions. \n WHAT THE RENTAL AGREEMENT SHOULD INCLUDE \nMost landlords use printed forms for their rental agreements, however, printed forms may vary \nfrom form to form.  There is no standard rental agreement.""}]",,,,"{""window_size"": 3}"
,,,,,,,,,,,,,,,"[{""rank"": 1, ""source_file"": ""corpus/hw03/ca_landlord_tenant_guide_2026.pdf"", ""page_number"": 88, ""score"": 0.7662081989174863, ""text"": ""• Clean soap scum in bathtub.\n Suppose that you scrub the bathtub until it sparkles, but do not undertake any of the repairs or \nwash the windows.  After you move out, the landlord performs the final inspection.  Twenty-one days \nafter the tenancy ends, the landlord sends you an itemized statement of deductions, along with a \nrefund of the rest of your security deposit.  Suppose that the itemized statement lists deductions from \nyour security deposit for the costs of repairing the windowsill, the carpet and the door jamb, and for \nwashing the windows.  Has the landlord acted properly? \n Whether the landlord has acted properly depends on other facts.""}]",,,,"{""window_size"": 3}"
,,,,,,,,,,,,,,,"[{""rank"": 1, ""source_file"": ""corpus/hw04/hud_assistance_animal_notice.pdf"", ""page_number"": 4, ""score"": 0.760895538984798, ""text"": ""(2) Does the person making the request have a disability-related need for an assistance \nanimal?  In other words, does the animal work, provide assistance, perform tasks or \nservices for the benefit of a person with a disability, or provide emotional support that \nalleviates one or more of the identified symptoms or effects of a person’s existing \ndisability? \n If the answer to question (1) or (2) is “no,” then the FHAct and Section 504 do not require a \nmodification to a provider’s “no pets” policy, and the reasonable accommodation request may be \ndenied. \n Where the answers to questions (1) and (2) are “yes,” the FHAct and Section 504 require the \nhousing provider to modify or provide an exception to a “no pets” rule or policy to permit a \nperson with a disability to live with and use an assistance animal(s) in all areas of the premises \nwhere persons are normally allowed to go, unless doing so would impose an undue financial and \nadministrative burden or would fundamentally alter the nature of the housing provider ’s services. \n The request may also be denied if: (1) the specific assistance animal in question poses a direct \nthreat to the health or safety of others that cannot be reduced or eliminated by another reasonable \naccommodation, or (2) the specific assistance animal  in question would cause substantial \nphysical damage to the property of others that cannot be re duced or eliminated by another \nreasonable accommodation.  Breed, size, and weight limitations may not be applied to an \nassistance animal.  A determination that an assistance animal poses a direct threat of harm to \nothers or would cause substantial physical d amage to the property of others must be based on an \nindividualized assessment that relies on objective evidence about the specific animal ’s actual \nconduct — not on mere speculation or fear about the types of harm or damage an animal may \ncause and not on evidence about harm or damage that other animals have caused.""}]",,,,"{""window_size"": 3}"
,,,,,,,,,,,,,,,"[{""rank"": 1, ""source_file"": ""corpus/hw03/ca_landlord_tenant_guide_2026.pdf"", ""page_number"": 32, ""score"": 0.7688150519144267, ""text"": ""102 \nIf a public municipal utility company \nprovides utility service to a dwelling unit and the utility service is in the landlord’s name, a tenant \nmay be able to become the customer of record on the account in order to avoid utility shut -off if \nthe landlord falls behind on payments.103\nDwelling units in older buildings may not have separate water meters or submeters.  Ask the \nlandlord if the dwelling unit that you plan to rent has its own water meter or submeter.  If it does \nnot, and if the landlord will bill you for water or sewer utilities, be sure that you understand how \nthe landlord will calculate the amount that you will be billed.104 \nUnder California law, a landlord is \nrequired to make specific disclosures to a tenant about the billing of water when there is a water \nsubmeter for the rental unit.105\nTRANSLATION OF PROPOSED RENTAL AGREEMENT \nAlthough most lease negotiations are conducted in English, English may not be the primary \nlanguage spoken by some landlords and tenants.  Parties to a rental agreement may negotiate in \nanother language.  If the parties specifically negotiate in Spanish, Chinese, Tagalog, Vietnamese or \nKorean, the landlord must give the tenant a written translation of the proposed written agreement \nin the language used in the negotiation before the tenant signs the agreement.106 \nThis rule applies \nwhether the negotiations are oral or in writing  and only applies if Spanish, Chinese, Tagalog, \nVietnamese or Korean is used .  The rule does not apply if the parties negotiate in some other \nlanguage, such as Russian or if the rental agreement is for a period of one month or less. \n The landlord must give the tenant the written translation of the rental agreement whether or \nnot it is requested by the tenant.""}]",,,,"{""window_size"": 3}"
,,,,,,,,,,,,,,,"[{""rank"": 1, ""source_file"": ""corpus/hw03/ca_landlord_tenant_guide_2026.pdf"", ""page_number"": 144, ""score"": 0.2878766321124151, ""text"": ""& Prof.  Code § 8538; Civ.  Code § 1940.8. \n 127 Cal.  Civ.  Code § 1954.602(b). \n 128 Cal.""}]",,,,"{""window_size"": 3}"
,,,,,,,,,,,,,,,"[{""rank"": 1, ""source_file"": ""corpus/hw04/hud_fair_housing_guide_2025.pdf"", ""page_number"": 41, ""score"": 0.2523226565635274, ""text"": ""The PHA is responsible for promoting an internal culture that makes it clear that discriminatory practices, \nincluding sexual harassment, will not be tolerated at any level by staff or residents.   For example, comments \nthat stereotype an applicant or occupant based on ethnic background, that mimic an accent, or that jokingly \ndiscuss a client’s perceived mental state are discriminatory.   Though these are just a few examples, \ndiscriminatory statements of any kind cannot be tolerated, and PHAs have an obligation to ensure they do not \noccur or go unaddressed, if they do occur. \n \n One way to promote ongoing awareness and competence is diversity and inclusion training for staff, providing \nthem with opportunities to challenge stereotypes and confront biases -- including implicit biases -- in a training \nenvironment.   Training on fair housing and civil rights laws more broadly is also important to promote \ncompliance since all PHA staff are obligated to comply with Federal fair housing and civil rights laws.   Staff \nand participants must be permitted to speak up if they observe harassing or other discriminatory conduct and \nbe assured that they will be protected from retaliation for doing so.   \n \n Beyond this, all policies, procedures, and practices must not discriminate because of any protected class.""}]",,,,"{""window_size"": 3}"
,,,,,,,,,,,,,,,"[{""rank"": 1, ""source_file"": ""corpus/hw03/ca_landlord_tenant_guide_2026.pdf"", ""page_number"": 33, ""score"": 0.7814435997663047, ""text"": ""If a landlord who is required to provide a written translation of a lease or rental agreement in \none of these languages fails to do so, the tenant can rescind (cancel) the agreement.107\nWHEN YOU HAVE DECIDED TO RENT \nBefore signing a rental agreement or a lease, the parties should read it carefully so that each \nparty understands all of its terms.  What kind of terms should be included in the rental agreement \nor lease?  Can the rental agreement or lease limit the basic rights that the law gives to all tenants? \n How much can the landlord require you to pay as a security deposit?  This section answers these \nand other questions. \n WHAT THE RENTAL AGREEMENT SHOULD INCLUDE \nMost landlords use printed forms for their rental agreements, however, printed forms may vary \nfrom form to form.  There is no standard rental agreement.""}, {""rank"": 2, ""source_file"": ""corpus/hw03/ca_landlord_tenant_guide_2026.pdf"", ""page_number"": 41, ""score"": 0.7652921077042578, ""text"": ""141 This new law \napplies to furnished and unfurnished residences.  The law does not allow for exceptions for pet \ndeposits, key fees, or cleaning fees.  For example, there is no allowance for an additional pet deposit \nfor tenants living with a service or emotional support animal.  Regardless of the landlord’s \njustification or name for any other deposits or charges, the law considers them all to be part of the \nsecurity deposit and limited to an amount equal to one month’s rent.142\nOnly small landlords can charge more for a security deposit.  Small landlords can charge up to \ntwo month’s rent for a security deposit.143 They are defined as individual people or limited liability \ncompanies owned by people that own and rent one or two properties containing no more than 4 \nrental units. \n Tenants should not believe that their security deposit somehow constitutes pre- payment for \ntheir last month’s rent – even if their landlord has used this term with respect to the security \ndeposit.  The landlord will almost always be able to insist a tenant pay rent for their last month or \npartial portion thereof.""}, {""rank"": 3, ""source_file"": ""corpus/hw03/ca_landlord_tenant_guide_2026.pdf"", ""page_number"": 41, ""score"": 0.7449530616810323, ""text"": ""The law does not allow for exceptions for pet \ndeposits, key fees, or cleaning fees.  For example, there is no allowance for an additional pet deposit \nfor tenants living with a service or emotional support animal.  Regardless of the landlord’s \njustification or name for any other deposits or charges, the law considers them all to be part of the \nsecurity deposit and limited to an amount equal to one month’s rent.142\nOnly small landlords can charge more for a security deposit.  Small landlords can charge up to \ntwo month’s rent for a security deposit.143 They are defined as individual people or limited liability \ncompanies owned by people that own and rent one or two properties containing no more than 4 \nrental units. \n Tenants should not believe that their security deposit somehow constitutes pre- payment for \ntheir last month’s rent – even if their landlord has used this term with respect to the security \ndeposit.  The landlord will almost always be able to insist a tenant pay rent for their last month or \npartial portion thereof. \n EXCEPTION: Application screening fee  The law permits a landlord to collect from  a tenant an \napplication screening fee, in addition to the security deposit (see pages 1 7-18).144 \nThe application \nscreening fee is intended to cover the cost of obtaining information about you, such as checking \nyour personal references and obtaining your credit report (see pages 1 7-18).""}]",,,,"{""window_size"": 3}"
,,,,,,,,,,,,,,,"[{""rank"": 1, ""source_file"": ""corpus/hw03/ca_landlord_tenant_guide_2026.pdf"", ""page_number"": 88, ""score"": 0.7662081989174863, ""text"": ""• Clean soap scum in bathtub.\n Suppose that you scrub the bathtub until it sparkles, but do not undertake any of the repairs or \nwash the windows.  After you move out, the landlord performs the final inspection.  Twenty-one days \nafter the tenancy ends, the landlord sends you an itemized statement of deductions, along with a \nrefund of the rest of your security deposit.  Suppose that the itemized statement lists deductions from \nyour security deposit for the costs of repairing the windowsill, the carpet and the door jamb, and for \nwashing the windows.  Has the landlord acted properly? \n Whether the landlord has acted properly depends on other facts.""}, {""rank"": 2, ""source_file"": ""corpus/hw03/ca_landlord_tenant_guide_2026.pdf"", ""page_number"": 84, ""score"": 0.7434807306632883, ""text"": ""If you have a rental agreement, you may waive this right no earlier than 60 days before the term \nends.  The waiver form given to you by the landlord must include the text of the security deposit \nlaw that describes your right to receive receipts.349 \nTenants should understand the consequences \nbefore agreeing to waive their right to such documentation. \n What if the repairs cost less than $125 or you waived your right to receive copies of invoices, \nreceipts and any good faith estimate?  The landlord still must send you an itemized statement 21 \ncalendar days or less after you move, along with a refund of any amounts not deducted from your \nsecurity deposit.  When you receive the itemized statement, you may decide that you want copies \nof the landlord’s invoices, receipts, and any good faith estimate.  You may request copies of these \ndocuments from the landlord within 14 calendar days after you receive the itemized statement.  It \nis best to make this request both orally and in writing.""}, {""rank"": 3, ""source_file"": ""corpus/hw03/ca_landlord_tenant_guide_2026.pdf"", ""page_number"": 82, ""score"": 0.734283440465884, ""text"": ""The security deposit cannot be used for repairing defects that existed \nin the unit before you moved in, for conditions caused by normal wear and tear during your  \ntenancy or previous tenancies, or for cleaning a rental unit that is as clean as it was when you \nmoved in.338 \nA rental agreement can never state that a security deposit is “nonrefundable. ”339 \nA landlord also cannot withhold a tenant’s partial or full security deposit based solely on the \ntenant being a victim of domestic violence and/or terminating their lease early as described \npreviously. \n As of 2025, a landlord is required to take photographs of a rental unit within a reasonable time \nafter the tenant has returned possession of the unit to the landlord , but prior to any repairs or \ncleanings that the landlord plans to deduct from the tenant’s security deposit.  The landlord also is \nrequired to take photographs of the unit within a reasonable time after those repairs or cleanings \nare completed.340  \nUnder California law, your landlord has 21 days from the date that you moved out to  provide \none of the following: \n• Send you a full refund of your security deposit.""}]",,,,"{""window_size"": 3}"
,,,,,,,,,,,,,,,"[{""rank"": 1, ""source_file"": ""corpus/hw04/hud_assistance_animal_notice.pdf"", ""page_number"": 4, ""score"": 0.760895538984798, ""text"": ""(2) Does the person making the request have a disability-related need for an assistance \nanimal?  In other words, does the animal work, provide assistance, perform tasks or \nservices for the benefit of a person with a disability, or provide emotional support that \nalleviates one or more of the identified symptoms or effects of a person’s existing \ndisability? \n If the answer to question (1) or (2) is “no,” then the FHAct and Section 504 do not require a \nmodification to a provider’s “no pets” policy, and the reasonable accommodation request may be \ndenied. \n Where the answers to questions (1) and (2) are “yes,” the FHAct and Section 504 require the \nhousing provider to modify or provide an exception to a “no pets” rule or policy to permit a \nperson with a disability to live with and use an assistance animal(s) in all areas of the premises \nwhere persons are normally allowed to go, unless doing so would impose an undue financial and \nadministrative burden or would fundamentally alter the nature of the housing provider ’s services. \n The request may also be denied if: (1) the specific assistance animal in question poses a direct \nthreat to the health or safety of others that cannot be reduced or eliminated by another reasonable \naccommodation, or (2) the specific assistance animal  in question would cause substantial \nphysical damage to the property of others that cannot be re duced or eliminated by another \nreasonable accommodation.  Breed, size, and weight limitations may not be applied to an \nassistance animal.  A determination that an assistance animal poses a direct threat of harm to \nothers or would cause substantial physical d amage to the property of others must be based on an \nindividualized assessment that relies on objective evidence about the specific animal ’s actual \nconduct — not on mere speculation or fear about the types of harm or damage an animal may \ncause and not on evidence about harm or damage that other animals have caused.""}, {""rank"": 2, ""source_file"": ""corpus/hw04/hud_assistance_animal_notice.pdf"", ""page_number"": 4, ""score"": 0.747334413758036, ""text"": ""For \nexample, while housing providers may require applicants or residents to pay a pet dep osit, they \nmay not require applicants and residents to pay a deposit for an assistance animal.  6 \nA housing provider may not deny a reasonable accommodation request because he or she is \nuncertain whether or not the person seeking the accommodation has a disability or a disability-\nrelated need for an assistance animal.  Housing providers may ask individuals who have \ndisabilities that are not readily apparent or known to the provider to submit reliable documentation \nof a disability and their disability-related need for an assistance animal.  If the disability is readily \napparent or known but the disability-related need for the assistance animal is not, the housing \nprovider may ask the individual to provide documentation of the disability-related need for an \n                                                      \n6 A housing provider may require a tenant to cover the costs of repairs for damage the animal causes to the tenant’s \ndwelling unit or the common areas, reasonable wear and tear excepted, if it is the provider’s practice to assess tenants \nfor any damage they cause to the premises.  For more information on reasonable accommodations, see the Joint \nStatement of the Department of Housing and Urban Development and the Department of Justice, Reasonable \nAccommodations Under the Fair Housing Act, http://www.hud.gov/offices/fheo/library/huddojstatement.pdf.""}, {""rank"": 3, ""source_file"": ""corpus/hw04/hud_assistance_animal_notice.pdf"", ""page_number"": 4, ""score"": 0.7452168003662955, ""text"": ""Breed, size, and weight limitations may not be applied to an \nassistance animal.  A determination that an assistance animal poses a direct threat of harm to \nothers or would cause substantial physical d amage to the property of others must be based on an \nindividualized assessment that relies on objective evidence about the specific animal ’s actual \nconduct — not on mere speculation or fear about the types of harm or damage an animal may \ncause and not on evidence about harm or damage that other animals have caused.  Conditions and \nrestrictions that housing providers apply to pets may not be applied to assistance animals.  For \nexample, while housing providers may require applicants or residents to pay a pet dep osit, they \nmay not require applicants and residents to pay a deposit for an assistance animal.  6 \nA housing provider may not deny a reasonable accommodation request because he or she is \nuncertain whether or not the person seeking the accommodation has a disability or a disability-\nrelated need for an assistance animal.  Housing providers may ask individuals who have \ndisabilities that are not readily apparent or known to the provider to submit reliable documentation \nof a disability and their disability-related need for an assistance animal.  If the disability is readily \napparent or known but the disability-related need for the assistance animal is not, the housing \nprovider may ask the individual to provide documentation of the disability-related need for an \n                                                      \n6 A housing provider may require a tenant to cover the costs of repairs for damage the animal causes to the tenant’s \ndwelling unit or the common areas, reasonable wear and tear excepted, if it is the provider’s practice to assess tenants \nfor any damage they cause to the premises.""}]",,,,"{""window_size"": 3}"
,,,,,,,,,,,,,,,"[{""rank"": 1, ""source_file"": ""corpus/hw03/ca_landlord_tenant_guide_2026.pdf"", ""page_number"": 32, ""score"": 0.7688150519144267, ""text"": ""102 \nIf a public municipal utility company \nprovides utility service to a dwelling unit and the utility service is in the landlord’s name, a tenant \nmay be able to become the customer of record on the account in order to avoid utility shut -off if \nthe landlord falls behind on payments.103\nDwelling units in older buildings may not have separate water meters or submeters.  Ask the \nlandlord if the dwelling unit that you plan to rent has its own water meter or submeter.  If it does \nnot, and if the landlord will bill you for water or sewer utilities, be sure that you understand how \nthe landlord will calculate the amount that you will be billed.104 \nUnder California law, a landlord is \nrequired to make specific disclosures to a tenant about the billing of water when there is a water \nsubmeter for the rental unit.105\nTRANSLATION OF PROPOSED RENTAL AGREEMENT \nAlthough most lease negotiations are conducted in English, English may not be the primary \nlanguage spoken by some landlords and tenants.  Parties to a rental agreement may negotiate in \nanother language.  If the parties specifically negotiate in Spanish, Chinese, Tagalog, Vietnamese or \nKorean, the landlord must give the tenant a written translation of the proposed written agreement \nin the language used in the negotiation before the tenant signs the agreement.106 \nThis rule applies \nwhether the negotiations are oral or in writing  and only applies if Spanish, Chinese, Tagalog, \nVietnamese or Korean is used .  The rule does not apply if the parties negotiate in some other \nlanguage, such as Russian or if the rental agreement is for a period of one month or less. \n The landlord must give the tenant the written translation of the rental agreement whether or \nnot it is requested by the tenant.""}, {""rank"": 2, ""source_file"": ""corpus/hw03/ca_landlord_tenant_guide_2026.pdf"", ""page_number"": 144, ""score"": 0.7501202588460884, ""text"": ""113 Civ.  Code § 2079.10a; Penal (“Pen.”)  Code § 290.46.  The required language differs depending on the date of the lease or \nrental agreement.  See Appendix 5. \n 114 Civ.  Code § 1947.5.""}, {""rank"": 3, ""source_file"": ""corpus/hw03/ca_fair_housing_rights_booklet.pdf"", ""page_number"": 6, ""score"": 0.7493192850107468, ""text"": ""What constitutes a reasonable limitation depends on a variety of \nconsiderations, including local building codes, square footage, sewage system \nlimitations, and ages of the occupants, for example.\n 5.  Language\nYou Have The Right To Use Your Preferred Language\nPrivate housing providers don’t have to provide you with a translator, but they \nmust speak with a translator if you provide one, and allow staff who speak your \nlanguage to converse with you in that language.\n Leases that you negotiate in a language other than English must be translated \ninto that language.\n Advertising for housing only in a language other than English indicates a \npreference for certain national origins or ethnicities over others, and is not \npermitted.""}]",,,,"{""window_size"": 3}"
,,,,,,,,,,,,,,,"[{""rank"": 1, ""source_file"": ""corpus/hw03/ca_landlord_tenant_guide_2026.pdf"", ""page_number"": 144, ""score"": 0.2878766321124151, ""text"": ""& Prof.  Code § 8538; Civ.  Code § 1940.8. \n 127 Cal.  Civ.  Code § 1954.602(b). \n 128 Cal.""}, {""rank"": 2, ""source_file"": ""corpus/hw03/ca_landlord_tenant_guide_2026.pdf"", ""page_number"": 15, ""score"": 0.2875267556755833, ""text"": ""8 \nLOOKING FOR A RENTAL UNIT \nLOOKING FOR AND INSPECTING RENTAL UNITS \nLooking for a rental unit \nWhen you are looking for a rental unit, the most important things to think about are: \n• The dollar limit that you can afford for monthly rent and utilities.\n • The dollar limit that you can afford for all required fees and deposits (for example,\napplication screening fees, holding, security, and pet deposits).\n • If the property is located in a city or other area that limits the amount the rent can be\nincreased each year (usually referred to as “rent control”).\n • The location that you want.\n In addition, you also should carefully consider the following: \n• The type of rental unit that you want (for example, an apartment complex, a duplex,\naccessory dwelling unit (ADU), or a single-family house).\n • The specifications or amenities that you want (such as, the number of bedrooms and\nbathrooms).\n • Whether you want a month -to-month rental agreement or a rental agreement for a\nfixed-rental term (see pages 25-26).""}, {""rank"": 3, ""source_file"": ""corpus/hw03/ca_landlord_tenant_guide_2026.pdf"", ""page_number"": 145, ""score"": 0.265502097415665, ""text"": ""Code § 66459; California Practice Guide, Landlord-Tenant, §§ 5:306-5:313.9 (Rutter Group 2021).  See Appendix 5 \nfor the required language. \n 135 See California Practice Guide, Landlord-Tenant, § 5:313.9 (Rutter Group 2021). \n 136 Gov.  Code § 8589.45. \n 137 Civ.  Code § 2079.10a.""}]",,,,"{""window_size"": 3}"
,,,,,,,,,,,,,,,"[{""rank"": 1, ""source_file"": ""corpus/hw04/hud_fair_housing_guide_2025.pdf"", ""page_number"": 41, ""score"": 0.2523226565635274, ""text"": ""The PHA is responsible for promoting an internal culture that makes it clear that discriminatory practices, \nincluding sexual harassment, will not be tolerated at any level by staff or residents.   For example, comments \nthat stereotype an applicant or occupant based on ethnic background, that mimic an accent, or that jokingly \ndiscuss a client’s perceived mental state are discriminatory.   Though these are just a few examples, \ndiscriminatory statements of any kind cannot be tolerated, and PHAs have an obligation to ensure they do not \noccur or go unaddressed, if they do occur. \n \n One way to promote ongoing awareness and competence is diversity and inclusion training for staff, providing \nthem with opportunities to challenge stereotypes and confront biases -- including implicit biases -- in a training \nenvironment.   Training on fair housing and civil rights laws more broadly is also important to promote \ncompliance since all PHA staff are obligated to comply with Federal fair housing and civil rights laws.   Staff \nand participants must be permitted to speak up if they observe harassing or other discriminatory conduct and \nbe assured that they will be protected from retaliation for doing so.   \n \n Beyond this, all policies, procedures, and practices must not discriminate because of any protected class.""}, {""rank"": 2, ""source_file"": ""corpus/hw04/hud_fair_housing_guide_2025.pdf"", ""page_number"": 35, ""score"": 0.19568461726370592, ""text"": ""If a PHA provides written translations in accordance with the chart below, this will provide a “safe harbor,” \nwhich means that the PHA’s action will be considered strong evidence of compliance with the recipient’s \nwritten-translation obligations.  However, these “safe harbors” are a starting point in the analysis and are only \na guide for recipients that would like greater certainty of compliance129. \n \n Safe Harbors for Written Translation \nSize of Language Group Recommended Provision of Written Language Assistance \n1,000 or more in the eligible population in \nthe market area or among current \nbeneficiaries \nTranslated vital documents \nMore than 5% of the eligible population or \nbeneficiaries and more than 50 in number Translated vital documents \nMore than 5% of the eligible population or \nbeneficiaries and 50 or less in number \nTranslated written notice of right to receive free oral \ninterpretation of documents. \n \n \n 129 Final LEP Guidance at 2,744-45.""}, {""rank"": 3, ""source_file"": ""corpus/hw04/hud_fair_housing_guide_2025.pdf"", ""page_number"": 36, ""score"": 0.1836465038223385, ""text"": ""It is important that translators understand the expected reading level of \nthe audience and recognize that direct translation of materials could result in a translation that is written at a \nmuch more difficult level than the English language version, and sometimes, there is no direct translation of \nsome English terms.   PHAs must work with translators to develop consistent and appropriate descriptions of \nsuch terms.130 \n4.5 Language Access Plan or Implementation Plan \nAfter completing the four-factor analysis and deciding which language services are appropriate, the PHA needs \nto develop a Language Access Plan or implementation plan.   Although PHAs have flexibility in developing this \nplan, it will likely be most appropriate and cost-effective to periodically update the plan in consideration of \npotential changes in immigrant populations of the jurisdiction.   The plan may be in writing and address \ntraining, administration, planning, and budgeting. \n \n Small PHAs with limited budgets and resources that serve very few LEP persons may choose not to develop a \nwritten plan; however, the PHA is still obligated to ensure meaningful access by LEP persons and may \nconsider an alternative way to articulate its plan.131   \n \nSome helpful steps in developing a plan include: \n• Identifying LEP individuals who need language assistance, showing what data the PHA used to make \nthis identification; \n• Identifying the vital documents and services that are affected; \n• Identifying types of language assistance that will be provided; \n• Reviewing the PHA’s budget and assessing costs; \n• Training staff; \n• Providing effective outreach to the LEP community; \n• Providing notice to LEP persons of which services are available and that the services will be provided \nfree of charge; and \n• Implementing process for determining when new documents, programs, services, and activities need \nto be made accessible for LEP persons. \n \n The Department of Justice has developed a self-assessment tool that can be obtained at \nhttps://www.lep.gov/sites/lep/files/resources/2011_Language_Access_Assessment_and_Planning_Tool.pdf \n \n \n130 Final LEP Guidance at 2,744—45.  \n 131 Final LEP Guidance at 2,745—46.""}]",,,,"{""window_size"": 3}"
,,,,,,,,,,,,,,,"[{""rank"": 1, ""source_file"": ""corpus/hw03/ca_landlord_tenant_guide_2026.pdf"", ""page_number"": 33, ""score"": 0.7814435997663047, ""text"": ""If a landlord who is required to provide a written translation of a lease or rental agreement in \none of these languages fails to do so, the tenant can rescind (cancel) the agreement.107\nWHEN YOU HAVE DECIDED TO RENT \nBefore signing a rental agreement or a lease, the parties should read it carefully so that each \nparty understands all of its terms.  What kind of terms should be included in the rental agreement \nor lease?  Can the rental agreement or lease limit the basic rights that the law gives to all tenants? \n How much can the landlord require you to pay as a security deposit?  This section answers these \nand other questions. \n WHAT THE RENTAL AGREEMENT SHOULD INCLUDE \nMost landlords use printed forms for their rental agreements, however, printed forms may vary \nfrom form to form.  There is no standard rental agreement.""}, {""rank"": 2, ""source_file"": ""corpus/hw03/ca_landlord_tenant_guide_2026.pdf"", ""page_number"": 41, ""score"": 0.7652921077042578, ""text"": ""141 This new law \napplies to furnished and unfurnished residences.  The law does not allow for exceptions for pet \ndeposits, key fees, or cleaning fees.  For example, there is no allowance for an additional pet deposit \nfor tenants living with a service or emotional support animal.  Regardless of the landlord’s \njustification or name for any other deposits or charges, the law considers them all to be part of the \nsecurity deposit and limited to an amount equal to one month’s rent.142\nOnly small landlords can charge more for a security deposit.  Small landlords can charge up to \ntwo month’s rent for a security deposit.143 They are defined as individual people or limited liability \ncompanies owned by people that own and rent one or two properties containing no more than 4 \nrental units. \n Tenants should not believe that their security deposit somehow constitutes pre- payment for \ntheir last month’s rent – even if their landlord has used this term with respect to the security \ndeposit.  The landlord will almost always be able to insist a tenant pay rent for their last month or \npartial portion thereof.""}, {""rank"": 3, ""source_file"": ""corpus/hw03/ca_landlord_tenant_guide_2026.pdf"", ""page_number"": 41, ""score"": 0.7449530616810323, ""text"": ""The law does not allow for exceptions for pet \ndeposits, key fees, or cleaning fees.  For example, there is no allowance for an additional pet deposit \nfor tenants living with a service or emotional support animal.  Regardless of the landlord’s \njustification or name for any other deposits or charges, the law considers them all to be part of the \nsecurity deposit and limited to an amount equal to one month’s rent.142\nOnly small landlords can charge more for a security deposit.  Small landlords can charge up to \ntwo month’s rent for a security deposit.143 They are defined as individual people or limited liability \ncompanies owned by people that own and rent one or two properties containing no more than 4 \nrental units. \n Tenants should not believe that their security deposit somehow constitutes pre- payment for \ntheir last month’s rent – even if their landlord has used this term with respect to the security \ndeposit.  The landlord will almost always be able to insist a tenant pay rent for their last month or \npartial portion thereof. \n EXCEPTION: Application screening fee  The law permits a landlord to collect from  a tenant an \napplication screening fee, in addition to the security deposit (see pages 1 7-18).144 \nThe application \nscreening fee is intended to cover the cost of obtaining information about you, such as checking \nyour personal references and obtaining your credit report (see pages 1 7-18).""}, {""rank"": 4, ""source_file"": ""corpus/hw03/ca_landlord_tenant_guide_2026.pdf"", ""page_number"": 41, ""score"": 0.743389497953664, ""text"": ""Almost all landlords charge tenants a security deposit.  The security deposit may be called last\nmonth’s rent, security deposit, pet deposit, key fee, or cleaning fee.  The security deposit can even \nbe a combination  of fees.  No matter what these payments or fees are called, the law considers \nthem all, as well as any other deposit or charge, to be part of the security deposit.140\nThe law limits the total amount that the landlords and small landlords (as defined below) can \nrequire you to pay as a security deposit.  As of July 1, 2024, landlords will be limited to an amount \nof no more than one month’s rent  that they can charge as a security deposit.  141 This new law \napplies to furnished and unfurnished residences.  The law does not allow for exceptions for pet \ndeposits, key fees, or cleaning fees.""}, {""rank"": 5, ""source_file"": ""corpus/hw03/ca_landlord_tenant_guide_2026.pdf"", ""page_number"": 41, ""score"": 0.7204769944443762, ""text"": ""Before\nyou move in, the landlord can only require you to pay up to one month’s rent  as a\nsecurity deposit ($1,000).  The landlord also can require you to pay the first month’s rent\nof $1,000, plus an application screening fee of up to $ 62.02 as of December 2023 , in\naddition to the $ 1,000 security deposit.  This is because the first month’s rent and the\napplication screening fee are not part of the security deposit.\n • Suppose the landlord requires you to pay $1,000 security deposit (the maximum allowed\nby law for an unfurnished unit when the rent is $1,000).  The landlord cannot then add\nto this $1,000 deposit additional deposit fees such as another $200 cleaning fee, $25 key\ndeposit, $50 mailbox deposit fee, or other similar fees.  The $1,000 plus the added fees\nwould be prohibited by state law.""}]",,,,"{""window_size"": 3}"
,,,,,,,,,,,,,,,"[{""rank"": 1, ""source_file"": ""corpus/hw03/ca_landlord_tenant_guide_2026.pdf"", ""page_number"": 88, ""score"": 0.7662081989174863, ""text"": ""• Clean soap scum in bathtub.\n Suppose that you scrub the bathtub until it sparkles, but do not undertake any of the repairs or \nwash the windows.  After you move out, the landlord performs the final inspection.  Twenty-one days \nafter the tenancy ends, the landlord sends you an itemized statement of deductions, along with a \nrefund of the rest of your security deposit.  Suppose that the itemized statement lists deductions from \nyour security deposit for the costs of repairing the windowsill, the carpet and the door jamb, and for \nwashing the windows.  Has the landlord acted properly? \n Whether the landlord has acted properly depends on other facts.""}, {""rank"": 2, ""source_file"": ""corpus/hw03/ca_landlord_tenant_guide_2026.pdf"", ""page_number"": 84, ""score"": 0.7434807306632883, ""text"": ""If you have a rental agreement, you may waive this right no earlier than 60 days before the term \nends.  The waiver form given to you by the landlord must include the text of the security deposit \nlaw that describes your right to receive receipts.349 \nTenants should understand the consequences \nbefore agreeing to waive their right to such documentation. \n What if the repairs cost less than $125 or you waived your right to receive copies of invoices, \nreceipts and any good faith estimate?  The landlord still must send you an itemized statement 21 \ncalendar days or less after you move, along with a refund of any amounts not deducted from your \nsecurity deposit.  When you receive the itemized statement, you may decide that you want copies \nof the landlord’s invoices, receipts, and any good faith estimate.  You may request copies of these \ndocuments from the landlord within 14 calendar days after you receive the itemized statement.  It \nis best to make this request both orally and in writing.""}, {""rank"": 3, ""source_file"": ""corpus/hw03/ca_landlord_tenant_guide_2026.pdf"", ""page_number"": 82, ""score"": 0.734283440465884, ""text"": ""The security deposit cannot be used for repairing defects that existed \nin the unit before you moved in, for conditions caused by normal wear and tear during your  \ntenancy or previous tenancies, or for cleaning a rental unit that is as clean as it was when you \nmoved in.338 \nA rental agreement can never state that a security deposit is “nonrefundable. ”339 \nA landlord also cannot withhold a tenant’s partial or full security deposit based solely on the \ntenant being a victim of domestic violence and/or terminating their lease early as described \npreviously. \n As of 2025, a landlord is required to take photographs of a rental unit within a reasonable time \nafter the tenant has returned possession of the unit to the landlord , but prior to any repairs or \ncleanings that the landlord plans to deduct from the tenant’s security deposit.  The landlord also is \nrequired to take photographs of the unit within a reasonable time after those repairs or cleanings \nare completed.340  \nUnder California law, your landlord has 21 days from the date that you moved out to  provide \none of the following: \n• Send you a full refund of your security deposit.""}, {""rank"": 4, ""source_file"": ""corpus/hw03/ca_landlord_tenant_guide_2026.pdf"", ""page_number"": 42, ""score"": 0.7015882140754859, ""text"": ""36 \nA landlord cannot require that a se curity deposit be nonrefundable.146 \nHowever, when you \nmove out of the rental, the law allows the landlord to keep all or part of the security deposit for \nthe following: \nYou owe rent; \n• You leave the rental less clean than when you moved  in; beginning January 1, 2025, a\nlandlord cannot use your security deposit for professional carpet cleaning or other\nprofessional cleaning services unless those services are necessary to return the rental to\nthe condition it was when you moved beyond normal wear and tear;\n• You damaged the rental beyond normal wear and tear;\n• You have made alterations and did not return the unit to the original condition; or\n• You fail to restore personal property (such as keys or furniture), other than because of\nnormal wear and tear.\n If none of these circumstances are present, the landlord must return the entire amount that \nyou paid as security.  However, if you left the rental very dirty or damaged beyond normal wear \nand tear, for example, the landlord could keep an amount that is reasonably necessary to clean or \nrepair the rental  back to the condition  it was in at the beginning of the tenancy .147 \nDeductions \nfrom security deposits and the time p eriods when the landlord must notify the tenant of any \ndeductions are discussed in detail on pages 75-85. \n Make sure that your rental agreement clearly states that you paid a security deposit to the \nlandlord and correctly states the amount that you paid.  Most landlords will give you a written \nreceipt for all amounts that you pay as a security deposit.  Keep a copy of both the receipt, if any, \nand your rental agreement in case of a dispute.148  As of 2025, a landlord cannot charge you a fee \nif you decide to pay your security deposit by check.149 Beginning January 1, 2026, landlords will be \nrequired to return security deposits by a digital payment method ( including electronic transfer \nsuch as Zelle, or online payment platforms through a property management website) if the tenant \npaid for their security deposit or made rental payments by a digital payment method , unless the \ntenant and landlord agree in writing to an alternative method.150  \nService Members \nOn or after April 1, 2025, if a landlord charges a service member a higher security deposit due \nto the service member’s credit history, credit score, housing history, or other factor related to the \nservice member’s tenancy, the landlord is required to provide the service member  a written \nstatement on or before the date the lease is signed which explains the reason(s) why a higher \nsecurity deposit is being charged as well as the amount of the security deposit.""}, {""rank"": 5, ""source_file"": ""corpus/hw03/ca_landlord_tenant_guide_2026.pdf"", ""page_number"": 89, ""score"": 0.7005438359888738, ""text"": ""Neither \ndefect was listed in the landlord’s itemized statement.  Suppose that yo ur landlord nonetheless \nmakes deductions from your security deposit to repair these defects.  Has the landlord acted \nproperly in this instance? \n The landlord has acted properly, as long as the amounts deducted are reasonably necessary for \nthe repairs made.371 \nBoth of these defects are more than normal wear and tear, and the landlord \nis allowed to make deductions for defects that occur after the initial inspection, as well as for \ndefects that could not be discovered because of the presence of the tenant’s belongings.372 \n \nSuggested Approaches to Security Deposit Deductions \n \nCalifornia’s security deposit statute specifically allows the landlord to use a tenant’s security \ndeposit for the four purposes stated on pages 75-76.  The statute limits the landlord’s deduction from \nthe security deposit to an amount that is “reasonably necessary” for the listed purposes.373 \nUnfortunately, the terms “reasonably necessary” and “normal wear and tear” are vague \nand mean different things to different people.  The following suggestions are offered as \npractical guides for dealing with security deposit issues.  While these suggestions are \nconsistent with the law, they are not necessarily the law in this area.""}]",,,,"{""window_size"": 3}"
,,,,,,,,,,,,,,,"[{""rank"": 1, ""source_file"": ""corpus/hw04/hud_assistance_animal_notice.pdf"", ""page_number"": 4, ""score"": 0.760895538984798, ""text"": ""(2) Does the person making the request have a disability-related need for an assistance \nanimal?  In other words, does the animal work, provide assistance, perform tasks or \nservices for the benefit of a person with a disability, or provide emotional support that \nalleviates one or more of the identified symptoms or effects of a person’s existing \ndisability? \n If the answer to question (1) or (2) is “no,” then the FHAct and Section 504 do not require a \nmodification to a provider’s “no pets” policy, and the reasonable accommodation request may be \ndenied. \n Where the answers to questions (1) and (2) are “yes,” the FHAct and Section 504 require the \nhousing provider to modify or provide an exception to a “no pets” rule or policy to permit a \nperson with a disability to live with and use an assistance animal(s) in all areas of the premises \nwhere persons are normally allowed to go, unless doing so would impose an undue financial and \nadministrative burden or would fundamentally alter the nature of the housing provider ’s services. \n The request may also be denied if: (1) the specific assistance animal in question poses a direct \nthreat to the health or safety of others that cannot be reduced or eliminated by another reasonable \naccommodation, or (2) the specific assistance animal  in question would cause substantial \nphysical damage to the property of others that cannot be re duced or eliminated by another \nreasonable accommodation.  Breed, size, and weight limitations may not be applied to an \nassistance animal.  A determination that an assistance animal poses a direct threat of harm to \nothers or would cause substantial physical d amage to the property of others must be based on an \nindividualized assessment that relies on objective evidence about the specific animal ’s actual \nconduct — not on mere speculation or fear about the types of harm or damage an animal may \ncause and not on evidence about harm or damage that other animals have caused.""}, {""rank"": 2, ""source_file"": ""corpus/hw04/hud_assistance_animal_notice.pdf"", ""page_number"": 4, ""score"": 0.747334413758036, ""text"": ""For \nexample, while housing providers may require applicants or residents to pay a pet dep osit, they \nmay not require applicants and residents to pay a deposit for an assistance animal.  6 \nA housing provider may not deny a reasonable accommodation request because he or she is \nuncertain whether or not the person seeking the accommodation has a disability or a disability-\nrelated need for an assistance animal.  Housing providers may ask individuals who have \ndisabilities that are not readily apparent or known to the provider to submit reliable documentation \nof a disability and their disability-related need for an assistance animal.  If the disability is readily \napparent or known but the disability-related need for the assistance animal is not, the housing \nprovider may ask the individual to provide documentation of the disability-related need for an \n                                                      \n6 A housing provider may require a tenant to cover the costs of repairs for damage the animal causes to the tenant’s \ndwelling unit or the common areas, reasonable wear and tear excepted, if it is the provider’s practice to assess tenants \nfor any damage they cause to the premises.  For more information on reasonable accommodations, see the Joint \nStatement of the Department of Housing and Urban Development and the Department of Justice, Reasonable \nAccommodations Under the Fair Housing Act, http://www.hud.gov/offices/fheo/library/huddojstatement.pdf.""}, {""rank"": 3, ""source_file"": ""corpus/hw04/hud_assistance_animal_notice.pdf"", ""page_number"": 4, ""score"": 0.7452168003662955, ""text"": ""Breed, size, and weight limitations may not be applied to an \nassistance animal.  A determination that an assistance animal poses a direct threat of harm to \nothers or would cause substantial physical d amage to the property of others must be based on an \nindividualized assessment that relies on objective evidence about the specific animal ’s actual \nconduct — not on mere speculation or fear about the types of harm or damage an animal may \ncause and not on evidence about harm or damage that other animals have caused.  Conditions and \nrestrictions that housing providers apply to pets may not be applied to assistance animals.  For \nexample, while housing providers may require applicants or residents to pay a pet dep osit, they \nmay not require applicants and residents to pay a deposit for an assistance animal.  6 \nA housing provider may not deny a reasonable accommodation request because he or she is \nuncertain whether or not the person seeking the accommodation has a disability or a disability-\nrelated need for an assistance animal.  Housing providers may ask individuals who have \ndisabilities that are not readily apparent or known to the provider to submit reliable documentation \nof a disability and their disability-related need for an assistance animal.  If the disability is readily \napparent or known but the disability-related need for the assistance animal is not, the housing \nprovider may ask the individual to provide documentation of the disability-related need for an \n                                                      \n6 A housing provider may require a tenant to cover the costs of repairs for damage the animal causes to the tenant’s \ndwelling unit or the common areas, reasonable wear and tear excepted, if it is the provider’s practice to assess tenants \nfor any damage they cause to the premises.""}, {""rank"": 4, ""source_file"": ""corpus/hw03/ca_fair_housing_rights_booklet.pdf"", ""page_number"": 7, ""score"": 0.7388183080972852, ""text"": ""6.  Assistance Animals\n12 13\nYou Have The Right To Your Assistance Animal\nHousing providers must allow you to keep or acquire an assistance animal if \nnecessary as a reasonable accommodation for physical or mental disabilities \nwithout charging a pet deposit or extra rent.  Housing providers can’t have \nassistance animal breed or size restrictions, but do not have to approve \na request if the animal poses a direct health or safety threat or will cause \nsubstantial property damage.  Remember, assistance animals are not pets. \n Housing providers can request information confirming your need for an \nassistance animal, but they don’t have a right to any additional information, \nsuch as your medical diagnosis.""}, {""rank"": 5, ""source_file"": ""corpus/hw04/hud_fair_housing_guide_2025.pdf"", ""page_number"": 20, ""score"": 0.7280863646793391, ""text"": ""They are animals that do work, perform tasks, assist, and/or provide \ntherapeutic emotional support for individuals with disabilities.   There are two types of assistance animals: (1) \nservice animals; and (2) other animals that do work, perform tasks, provide assistance, and/or provide \ntherapeutic emotional support for individuals with disabilities (referred to in this chapter as a “support \nanimal”).   An animal that does not qualify as a service animal or support animal is a pet for purposes of the \nFair Housing Act and may be treated as a pet for purposes of the lease and the housing provider’s rules and \npolicies.   A housing provider may not exclude certain types, breed, sizes or ages of animals or charge a fee or \ndeposit for service animals or other assistance animals even if the housing providers does so for pets.   \n \n HUD issued guidance in FHEO Notice 2020-01 that provides housing providers with a set of best practices for \ncomplying with the Fair Housing Act when assessing requests for reasonable accommodations to keep \nanimals in housing, including the information that a housing provider may need to know from a health care \nprofessional about an individual’s need for an assistance animal in housing.78 \n \nIn addition, under the ADA, public entities, including PHAs, and public accommodations must permit an \nindividual with a disability to use a service animal as defined by the regulations implementing that statute.79  \nIn the context of a service animal under the ADA, a public entity may only make two inquiries: 1) if the animal \nis required because of a disability; and 2) what work or task the animal is trained to perform.80  Under the ADA \nno documentation is required, and, generally, the inquiries should not be made when it is readily apparent \nthat an animal is trained to do work or perform a task for an individual with a disability (e.g., the dog is \n \n \n78 FHEO 2020-01, “Assessing a Person’s Request to Have an Animal as a Reasonable Accommodation Under the Fair Housing Act,” \navailable at https://www.hud.gov/sites/dfiles/PA/documents/HUDAsstAnimalNC1-28-2020.pdf. \n 79 See 28 CFR 35.104, 36.104.  \n 80 See 28 CFR 35.136, 36.302.""}]",,,,"{""window_size"": 3}"
,,,,,,,,,,,,,,,"[{""rank"": 1, ""source_file"": ""corpus/hw03/ca_landlord_tenant_guide_2026.pdf"", ""page_number"": 32, ""score"": 0.7688150519144267, ""text"": ""102 \nIf a public municipal utility company \nprovides utility service to a dwelling unit and the utility service is in the landlord’s name, a tenant \nmay be able to become the customer of record on the account in order to avoid utility shut -off if \nthe landlord falls behind on payments.103\nDwelling units in older buildings may not have separate water meters or submeters.  Ask the \nlandlord if the dwelling unit that you plan to rent has its own water meter or submeter.  If it does \nnot, and if the landlord will bill you for water or sewer utilities, be sure that you understand how \nthe landlord will calculate the amount that you will be billed.104 \nUnder California law, a landlord is \nrequired to make specific disclosures to a tenant about the billing of water when there is a water \nsubmeter for the rental unit.105\nTRANSLATION OF PROPOSED RENTAL AGREEMENT \nAlthough most lease negotiations are conducted in English, English may not be the primary \nlanguage spoken by some landlords and tenants.  Parties to a rental agreement may negotiate in \nanother language.  If the parties specifically negotiate in Spanish, Chinese, Tagalog, Vietnamese or \nKorean, the landlord must give the tenant a written translation of the proposed written agreement \nin the language used in the negotiation before the tenant signs the agreement.106 \nThis rule applies \nwhether the negotiations are oral or in writing  and only applies if Spanish, Chinese, Tagalog, \nVietnamese or Korean is used .  The rule does not apply if the parties negotiate in some other \nlanguage, such as Russian or if the rental agreement is for a period of one month or less. \n The landlord must give the tenant the written translation of the rental agreement whether or \nnot it is requested by the tenant.""}, {""rank"": 2, ""source_file"": ""corpus/hw03/ca_landlord_tenant_guide_2026.pdf"", ""page_number"": 144, ""score"": 0.7501202588460884, ""text"": ""113 Civ.  Code § 2079.10a; Penal (“Pen.”)  Code § 290.46.  The required language differs depending on the date of the lease or \nrental agreement.  See Appendix 5. \n 114 Civ.  Code § 1947.5.""}, {""rank"": 3, ""source_file"": ""corpus/hw03/ca_fair_housing_rights_booklet.pdf"", ""page_number"": 6, ""score"": 0.7493192850107468, ""text"": ""What constitutes a reasonable limitation depends on a variety of \nconsiderations, including local building codes, square footage, sewage system \nlimitations, and ages of the occupants, for example.\n 5.  Language\nYou Have The Right To Use Your Preferred Language\nPrivate housing providers don’t have to provide you with a translator, but they \nmust speak with a translator if you provide one, and allow staff who speak your \nlanguage to converse with you in that language.\n Leases that you negotiate in a language other than English must be translated \ninto that language.\n Advertising for housing only in a language other than English indicates a \npreference for certain national origins or ethnicities over others, and is not \npermitted.""}, {""rank"": 4, ""source_file"": ""corpus/hw03/ca_landlord_tenant_guide_2026.pdf"", ""page_number"": 32, ""score"": 0.6922261168061399, ""text"": ""Ask the \nlandlord if the dwelling unit that you plan to rent has its own water meter or submeter.  If it does \nnot, and if the landlord will bill you for water or sewer utilities, be sure that you understand how \nthe landlord will calculate the amount that you will be billed.104 \nUnder California law, a landlord is \nrequired to make specific disclosures to a tenant about the billing of water when there is a water \nsubmeter for the rental unit.105\nTRANSLATION OF PROPOSED RENTAL AGREEMENT \nAlthough most lease negotiations are conducted in English, English may not be the primary \nlanguage spoken by some landlords and tenants.  Parties to a rental agreement may negotiate in \nanother language.  If the parties specifically negotiate in Spanish, Chinese, Tagalog, Vietnamese or \nKorean, the landlord must give the tenant a written translation of the proposed written agreement \nin the language used in the negotiation before the tenant signs the agreement.106 \nThis rule applies \nwhether the negotiations are oral or in writing  and only applies if Spanish, Chinese, Tagalog, \nVietnamese or Korean is used .  The rule does not apply if the parties negotiate in some other \nlanguage, such as Russian or if the rental agreement is for a period of one month or less. \n The landlord must give the tenant the written translation of the rental agreement whether or \nnot it is requested by the tenant.  The translation must include every term and condition in the \nrental agreement, but may retain elements in English such as names, addresses, numerals, dollar \namounts and dates.""}, {""rank"": 5, ""source_file"": ""corpus/hw03/ca_landlord_tenant_guide_2026.pdf"", ""page_number"": 9, ""score"": 0.6569709503476061, ""text"": ""Hiring of Real Property: Dwellings: Untenantability.  Requires a rental unit on or after January \n1, 2026, to have a working stove and refrigerator to be deemed habitable, unless the landlord and \ntenant mutually agree that the tenant will provide their own stove and/or refrigerator.  AB 628 \n(McKinnor, Chapter 342, Statutes of 2025). \n Residential Rental Properties: Language Requirements.   Requires the Judicial Council of \nCalifornia to create, by January 1, 2027, a single summons form for mandatory use in an action for \neviction to remove a tenant from a residential property in English, Spanish, Chinese, Tagalog, \nVietnamese, and Korean.  AB 863 (Kalra, Chapter 344, Statutes of 2025). \n Summary Proceedings for Obtaining Possession of Real Property: Procedural Requirements.""}]",,,,"{""window_size"": 3}"
,,,,,,,,,,,,,,,"[{""rank"": 1, ""source_file"": ""corpus/hw03/ca_landlord_tenant_guide_2026.pdf"", ""page_number"": 144, ""score"": 0.2878766321124151, ""text"": ""& Prof.  Code § 8538; Civ.  Code § 1940.8. \n 127 Cal.  Civ.  Code § 1954.602(b). \n 128 Cal.""}, {""rank"": 2, ""source_file"": ""corpus/hw03/ca_landlord_tenant_guide_2026.pdf"", ""page_number"": 15, ""score"": 0.2875267556755833, ""text"": ""8 \nLOOKING FOR A RENTAL UNIT \nLOOKING FOR AND INSPECTING RENTAL UNITS \nLooking for a rental unit \nWhen you are looking for a rental unit, the most important things to think about are: \n• The dollar limit that you can afford for monthly rent and utilities.\n • The dollar limit that you can afford for all required fees and deposits (for example,\napplication screening fees, holding, security, and pet deposits).\n • If the property is located in a city or other area that limits the amount the rent can be\nincreased each year (usually referred to as “rent control”).\n • The location that you want.\n In addition, you also should carefully consider the following: \n• The type of rental unit that you want (for example, an apartment complex, a duplex,\naccessory dwelling unit (ADU), or a single-family house).\n • The specifications or amenities that you want (such as, the number of bedrooms and\nbathrooms).\n • Whether you want a month -to-month rental agreement or a rental agreement for a\nfixed-rental term (see pages 25-26).""}, {""rank"": 3, ""source_file"": ""corpus/hw03/ca_landlord_tenant_guide_2026.pdf"", ""page_number"": 145, ""score"": 0.265502097415665, ""text"": ""Code § 66459; California Practice Guide, Landlord-Tenant, §§ 5:306-5:313.9 (Rutter Group 2021).  See Appendix 5 \nfor the required language. \n 135 See California Practice Guide, Landlord-Tenant, § 5:313.9 (Rutter Group 2021). \n 136 Gov.  Code § 8589.45. \n 137 Civ.  Code § 2079.10a.""}, {""rank"": 4, ""source_file"": ""corpus/hw03/ca_landlord_tenant_guide_2026.pdf"", ""page_number"": 145, ""score"": 0.2511707994485774, ""text"": ""Code § 1950.5(b) and (e). \n 148 Civ.  Code § 1950.5(p) (describes evidence that proves the existence and amount of a security deposit). \n 149 Civ.  Code § 1947.3(b). \n 150 Civ.  Code § 1950.5(h)(1).""}, {""rank"": 5, ""source_file"": ""corpus/hw03/hud_fair_housing_booklet.pdf"", ""page_number"": 17, ""score"": 0.24344268978326147, ""text"": ""The \nmaximum civil penalties are: $16,000, for a first violation of \nthe Act; $37,500 if a previous violation has occurred within \nthe preceding five-year period; and $65,000 if two or more \nprevious violations have occurred within the preceding\nseven-year period.\n Civil Trial in Federal District Court: If either you or the respondent elects \nto have a Federal civil trial for your complaint, HUD must refer \nyour case to the U.S.  Department of Justice for enforcement.  The \nU.S.  Department of Justice will file a civil lawsuit on your behalf \nin the U.S.  District Court in the district in which the discrimination \nallegedly occurred.  You also may choose to intervene in the case \nand retain your own attorney.""}]",,,,"{""window_size"": 3}"
,,,,,,,,,,,,,,,"[{""rank"": 1, ""source_file"": ""corpus/hw04/hud_fair_housing_guide_2025.pdf"", ""page_number"": 41, ""score"": 0.2523226565635274, ""text"": ""The PHA is responsible for promoting an internal culture that makes it clear that discriminatory practices, \nincluding sexual harassment, will not be tolerated at any level by staff or residents.   For example, comments \nthat stereotype an applicant or occupant based on ethnic background, that mimic an accent, or that jokingly \ndiscuss a client’s perceived mental state are discriminatory.   Though these are just a few examples, \ndiscriminatory statements of any kind cannot be tolerated, and PHAs have an obligation to ensure they do not \noccur or go unaddressed, if they do occur. \n \n One way to promote ongoing awareness and competence is diversity and inclusion training for staff, providing \nthem with opportunities to challenge stereotypes and confront biases -- including implicit biases -- in a training \nenvironment.   Training on fair housing and civil rights laws more broadly is also important to promote \ncompliance since all PHA staff are obligated to comply with Federal fair housing and civil rights laws.   Staff \nand participants must be permitted to speak up if they observe harassing or other discriminatory conduct and \nbe assured that they will be protected from retaliation for doing so.   \n \n Beyond this, all policies, procedures, and practices must not discriminate because of any protected class.""}, {""rank"": 2, ""source_file"": ""corpus/hw04/hud_fair_housing_guide_2025.pdf"", ""page_number"": 35, ""score"": 0.19568461726370592, ""text"": ""If a PHA provides written translations in accordance with the chart below, this will provide a “safe harbor,” \nwhich means that the PHA’s action will be considered strong evidence of compliance with the recipient’s \nwritten-translation obligations.  However, these “safe harbors” are a starting point in the analysis and are only \na guide for recipients that would like greater certainty of compliance129. \n \n Safe Harbors for Written Translation \nSize of Language Group Recommended Provision of Written Language Assistance \n1,000 or more in the eligible population in \nthe market area or among current \nbeneficiaries \nTranslated vital documents \nMore than 5% of the eligible population or \nbeneficiaries and more than 50 in number Translated vital documents \nMore than 5% of the eligible population or \nbeneficiaries and 50 or less in number \nTranslated written notice of right to receive free oral \ninterpretation of documents. \n \n \n 129 Final LEP Guidance at 2,744-45.""}, {""rank"": 3, ""source_file"": ""corpus/hw04/hud_fair_housing_guide_2025.pdf"", ""page_number"": 36, ""score"": 0.1836465038223385, ""text"": ""It is important that translators understand the expected reading level of \nthe audience and recognize that direct translation of materials could result in a translation that is written at a \nmuch more difficult level than the English language version, and sometimes, there is no direct translation of \nsome English terms.   PHAs must work with translators to develop consistent and appropriate descriptions of \nsuch terms.130 \n4.5 Language Access Plan or Implementation Plan \nAfter completing the four-factor analysis and deciding which language services are appropriate, the PHA needs \nto develop a Language Access Plan or implementation plan.   Although PHAs have flexibility in developing this \nplan, it will likely be most appropriate and cost-effective to periodically update the plan in consideration of \npotential changes in immigrant populations of the jurisdiction.   The plan may be in writing and address \ntraining, administration, planning, and budgeting. \n \n Small PHAs with limited budgets and resources that serve very few LEP persons may choose not to develop a \nwritten plan; however, the PHA is still obligated to ensure meaningful access by LEP persons and may \nconsider an alternative way to articulate its plan.131   \n \nSome helpful steps in developing a plan include: \n• Identifying LEP individuals who need language assistance, showing what data the PHA used to make \nthis identification; \n• Identifying the vital documents and services that are affected; \n• Identifying types of language assistance that will be provided; \n• Reviewing the PHA’s budget and assessing costs; \n• Training staff; \n• Providing effective outreach to the LEP community; \n• Providing notice to LEP persons of which services are available and that the services will be provided \nfree of charge; and \n• Implementing process for determining when new documents, programs, services, and activities need \nto be made accessible for LEP persons. \n \n The Department of Justice has developed a self-assessment tool that can be obtained at \nhttps://www.lep.gov/sites/lep/files/resources/2011_Language_Access_Assessment_and_Planning_Tool.pdf \n \n \n130 Final LEP Guidance at 2,744—45.  \n 131 Final LEP Guidance at 2,745—46.""}, {""rank"": 4, ""source_file"": ""corpus/hw04/hud_assistance_animal_notice.pdf"", ""page_number"": 7, ""score"": 0.18345699421832284, ""text"": ""Rather, in ADA-covered facilities, an animal need only meet the definition of “service \nanimal” to be allowed into a covered facility. \n To determine if an animal is a service animal, a covered entity shall not ask about the nature or \nextent of a person’s disability, but may make two inquiries to determine whether an animal \nqualifies as a service animal.  A covered entity may ask: (1) Is this a service animal that is \nrequired because of a disability?  and (2) What work or tasks has the animal been trained to \nperform?  A covered entity shall not require documentation, such as proof that the animal has \nbeen certified, trained, or licensed as a service animal.  These are the only two inquiries that an \nADA-covered facility may make even when an individual’s disability and the work or tasks \nperformed by the service animal are not readily apparent (e.g., individual with a seizure \ndisability using a seizure alert service animal, individual with a psychiatric disability using \npsychiatric service animal, individual with an autism-related disability using an autism service \nanimal). \n A covered entity may not make the two permissible inquiries set out above when it is readily \napparent that the animal is trained to do work or perform tasks for an individual with a disability \n(e.g., the dog is observed guiding an individual who is blind or has low vision, pulling a person’s \nwheelchair, or providing assistance with stability or balance to an individual with an observable \nmobility disability).""}, {""rank"": 5, ""source_file"": ""corpus/hw03/ca_landlord_tenant_guide_2026.pdf"", ""page_number"": 55, ""score"": 0.17741341549248169, ""text"": ""191\n• To install, repair, replace,  maintain, or read the submetering of water service.192\n• To inspect elevated balconies or decks.  193\n• To inspect an area where the resident is engaging in personal agriculture.194\n• To re\npair, test and/or maintain smoke detectors or carbon monoxide  \ndetectors.  195\n• If the\n tenant has a waterbed, to inspect the  installation of the  waterbed when  \nthe installation\n has been completed, and periodically after that to assure that \nthe installation\n meets the requirements o f the law.196\nThe landlord or the landlord’s agent must give the tenant reasonable advance notice in writing \nbefore entering the unit and can enter only during normal business hours (generally, 8 a.m.  to 5 \np.m.  seven days per week).  The notice must state the date, approximate time, and purpose of the\nentry.  197  \nHowever, advance written notice is not required under any of the following\ncircumstances:\n• To respond to an emergency.""}]",,,,"{""window_size"": 3}"
